"platform_name","platform_url","category","adventure_scope_fit","primary_user","primary_customer","geography","listing_model","employer_profile_depth","housing_visible","meals_visible","pay_visible","map_discovery","mobile_discovery","trust_features","pricing_public","strength_summary","gap_summary","exploreandearn_differentiation","source_urls","date_accessed","confidence_score"
"CoolWorks","https://www.coolworks.com/","Niche seasonal/adventure job board; employer-branding profiles; optional seasonal-employer ATS.","High / direct. Observed: the site explicitly covers jobs in national parks, ski resorts, summer camps, dude ranches, resorts, islands, beaches, and other “great places,” with seasonal and year-round roles.","Observed: adventure-seeking seasonal and place-motivated job seekers, including first-time and experienced seasonal workers.","Observed: seasonal and year-round employers in destination hospitality, parks, resorts, camps, ranches, lodges, recreation, and adjacent “great place” operations.","Observed: employers across the United States plus some international and volunteer opportunities; discovery is especially deep by U.S. state, park, and destination region.","Observed: paid 7-day multi-position Help Wanted ads; paid 30-day single-position Highlighted Jobs; paid Enhanced Employer Profiles with a self-service multi-job list; paid boosts; XML/ATS feed support; separate Staffing Center ATS.","High. Observed: Enhanced Profiles support organization/location story, employee experience, ideal candidate, room and board, perks, culture, recreation, photos/video, and all open jobs.","yes — Observed: housing is a first-class filter and profile topic, including employer housing, self-arranged housing, pet-friendly, family, and private-housing options.","yes — Observed: room-and-board/meal information is an explicit employer-profile topic and is commonly surfaced in public employer content; completeness remains employer supplied.","yes — Observed: public employer guidance says starting wages should be included, and the Enhanced Profile job-list instructions call for starting wages.","yes — Observed: a public Job Map shows the locations of the 50 most recent posts.","partial — Observed: public web search, saved searches/favorites, and alerts are supported; unknown: no current official evidence of a dedicated CoolWorks mobile app was found.","partial — Observed: CoolWorks reviews new employer registrations for niche fit, publishes scam/fraud guidance, and gives job seekers direct employer context. Not observed: universal identity verification, worker reviews, or a verified-housing audit.","yes — Observed: Help Wanted is $149/7 days; Highlighted Job is $169/30 days; Enhanced Employer Profile is $289 for one month, $179/month for three months, $139/month for six months, or $119/month for twelve months, billed up front; Featured Boost is $189/7 days. Public package and nonprofit-discount terms are also shown.","Observed: the closest direct competitor in this set: adventure-first taxonomy, strong destination storytelling, unusually explicit housing discovery, a job map, established employer products, and domain-specific recruiting guidance.","Observed/inference: listings remain employer-authored advertising; meal and total living-cost comparison is less normalized than housing; the map is limited to the most recent 50 posts; posting is paid; and verification is fit review rather than a public proof system for job, housing, or employment terms.","Inference: differentiate safely through structured, comparable pay + housing cost/type + meals + transport + dates + work authorization + direct-source provenance; a complete map rather than a recent-post map; visible freshness/verification dates; and worker decision tools that calculate likely net seasonal value without copying CoolWorks' brand language or editorial presentation.","https://www.coolworks.com/find-a-job/;https://www.coolworks.com/post-a-job;https://www.coolworks.com/faqs;https://employerhelp.coolworks.com/hc/en-us/articles/18651968831899-Intro-to-the-Enhanced-Employer-Profile;https://employerhelp.coolworks.com/hc/en-us/articles/18651079498651-The-Job-List","2026-07-12","97"
"Occupation Wild","https://www.occupationwild.com/","Niche outdoor, adventure, and travel-industry job board with custom employer pages and social promotion.","High / direct. Observed: the employer page says it only posts outdoor, adventure, and travel-industry jobs, covering both seasonal and full-time work.","Observed: outdoor-industry veterans and “passionate newbies” seeking adventure, travel, camp, guide, outdoor-education, and related roles.","Observed: employers in outdoor recreation, adventure, travel, camps, outdoor education, tourism, and related sectors.","Observed: the reviewed public inventory was primarily U.S.-based. Unknown: a definitive current geographic coverage statement was not found.","Observed: paid Standard or Featured monthly listings, 7-day Peak and Hot placements, plus social/newsletter add-ons; each base package receives a custom job page and can include multiple positions without an added per-position fee.","High. Observed: custom public pages can include company/location story, multiple jobs, role details, pay/perks, housing, meals, visuals, and application links.","yes — Observed: public pages display housing status/details where employers provide them, but no dedicated housing filter was observed.","yes — Observed: meals/room-and-board can be displayed prominently on public employer pages, but no standardized meals field/filter was observed.","yes — Observed: compensation and perks are displayed on public employer pages when supplied.","no — Observed: the current public product evidence showed page/list discovery, not a job map.","partial — Observed: web pages plus Instagram/TikTok/newsletter promotion support mobile reach; unknown: no dedicated job-search app was found in the reviewed official pages.","partial — Observed: listings are niche-gated and presented as custom pages; not observed: identity/workplace verification, independent employee reviews, or audited housing claims.","yes — Observed: Peak is $300/7 days; Featured is $270 for one month, $170/month for three months, $120/month for six months, and $109/month for twelve months; Standard is $130, $109/month, $89/month, and $69/month for the same terms; Hot is $170/7 days; current public add-ons include newsletter and custom short-form video pricing.","Observed: tight adventure-industry scope, visually rich custom pages, multiple roles per employer page, and unusually strong social-channel amplification.","Observed/inference: benefit fields are narrative rather than comparable; no public job map or worker-review layer was observed; information depth varies by employer page; and smaller niche inventory competes with much broader aggregators.","Inference: provide normalized job/living logistics, map-first discovery, verified source/freshness signals, and side-by-side opportunity comparison while positioning social/editorial storytelling as optional context rather than the data model.","https://www.occupationwild.com/postajob;https://www.occupationwild.com/experience-learning;https://www.occupationwild.com/oars","2026-07-12","91"
"Backdoorjobs","https://www.backdoorjobs.com/","Editorially produced niche directory/advertising site for short-term job adventures.","High / direct. Observed: channels include North American and worldwide adventure jobs, wilderness therapy, conservation, outdoor education, farms, camps/ranches, resorts/hospitality, and community/teaching work.","Observed: people seeking short-term work, travel, learning, service, and outdoor/adventure experiences.","Observed: camps, outdoor schools, conservation corps, farms, therapeutic programs, lodges/resorts, hospitality operators, and other short-term-work hosts.","Observed: U.S.-heavy with state directories, plus worldwide adventure and abroad directories.","Observed: paid Basic or Enhanced subscriptions; staff writes/edits the listing from employer-submitted details; public pages send candidates to the employer/application source; optional homepage/channel banners.","High for Enhanced; medium for Basic. Observed: Enhanced pages support unlimited content/links, images, video, testimonials, contact details, a Google map, and weather; Basic pages include a shorter editorial listing plus visuals and source links.","yes — Observed: housing is frequently visible in public editorial listings/profile pages when offered, but it is not a normalized platform-wide field/filter.","yes — Observed: meals are frequently surfaced in listing narratives, but they are not a normalized field/filter.","yes — Observed: compensation is routinely surfaced in public listing/profile narratives when supplied.","partial — Observed: Enhanced employer pages can include an embedded Google map; not observed: a platform-wide interactive jobs map.","unknown — Observed: public pages are accessible without login; current official evidence did not establish a dedicated app or an explicit mobile-first discovery feature.","partial — Observed: a named operator, staff-written listings, direct source links, and hands-on revisions create editorial accountability. Not observed: systematic employer identity verification, worker reviews, or audited living conditions.","yes — Observed: new-client Basic subscriptions are $175/3 months, $250/6 months, and $325/year; Enhanced is $500/year; current public banner examples are $50/week on the home page and $75/month for a channel headline.","Observed: unusually human, editorial presentation; broad definition of meaningful/adventure work; direct-source linkage; and deep long-form profiles that can explain the lived experience.","Observed/inference: manually curated narrative pages are hard to compare at scale; there is no platform-wide map or normalized housing/meals/pay schema; freshness depends on manual revisions; and the site is an advertising directory rather than a transaction or verification platform.","Inference: retain the human value of place/context while making every operational term structured, filterable, date-stamped, source-linked, and comparable; add full map discovery and explicit verification status.","https://www.backdoorjobs.com/;https://www.backdoorjobs.com/contact.html;https://www.backdoorjobs.com/advertise.html","2026-07-12","95"
"SeasonalJobs.dol.gov","https://seasonaljobs.dol.gov/","U.S. Department of Labor public registry/search portal for H-2A and H-2B temporary or seasonal job orders.","Low-to-partial. Observed: it covers regulated agricultural and non-agricultural temporary/seasonal work; some hospitality/tourism roles can appear, but the portal is not adventure- or destination-lifestyle-curated.","Observed: U.S. workers searching certified temporary opportunities, prospective H-2A/H-2B workers checking job terms, worker advocates, and third-party job-search intermediaries consuming the feeds.","Observed: U.S. employers participating in H-2A/H-2B labor-certification processes; this is not a commercial advertiser/customer relationship.","Observed: United States job locations; federal H-2A/H-2B program scope.","Observed: government publication of job orders/case data arising from the OFLC process; direct application to the employer using recruitment information; public daily JSON feeds for redistribution; current and archive search.","Low as branding; high as job-order detail. Observed: case/job-order documents expose legal and operational terms, not lifestyle-oriented employer profiles.","yes — Observed: housing terms can be part of the official job order; H-2A orders include no-cost housing obligations for eligible workers, while H-2B housing terms vary.","partial — Observed: H-2A terms address meals or cooking facilities and individual orders may disclose meal arrangements; no platform-wide meal filter was observed.","yes — Observed: wage information is part of the job order, and public search includes a wage-type filter.","no — Observed: current public search supports city/state/ZIP and radius, not a map interface.","yes — Observed: DOL describes the portal as mobile-friendly.","yes — Observed: official DOL/OFLC provenance, case numbers, regulated job orders, required material terms, direct employer recruitment information, Spanish translation, and government worker-rights context. Caveat: publication is not a guarantee of future employer performance.","not applicable — Observed: this is a regulatory/public-information channel, not a commercial self-service job-posting product; no posting price is represented.","Observed: strongest official provenance in the set; wage and material terms tied to a federal case; worker-rights context; Spanish access; public daily feeds; and direct employer recruitment information.","Observed/inference: limited to H-2A/H-2B process inventory; not designed for inspiration or employer storytelling; no map; living terms can be buried in long forms; and the live search returned intermittent public fetch errors during research.","Inference: curate leisure/adventure relevance and create readable structured summaries while linking back to the official job order as source of truth; never imply that Explore&Earn replaces DOL eligibility, visa, or rights guidance.","https://seasonaljobs.dol.gov/about;https://seasonaljobs.dol.gov/jobs;https://seasonaljobs.dol.gov/feeds;https://www.dol.gov/general/migrantworker/recruitment?lang=en;https://www.dol.gov/agencies/whd/fact-sheets/26a-recruitment-requirements-H-2A","2026-07-12","97"
"SeasonWorkers","https://www.seasonworkers.com/","Global seasonal-work, working-travel, courses, and placements marketplace with recruiter profiles and MySeason personalization.","High / direct. Observed: major sectors include summer seasons, ski seasons, gap-year opportunities, outdoor sports, TEFL, childcare, hospitality, campsites, and working travel.","Observed: mainly younger people seeking seasonal work, travel, training, gap-year, and international placements.","Observed: seasonal employers/recruiters plus course, placement, tour, and gap-year providers.","Observed: UK and Europe are prominent, with worldwide jobs/courses/placements.","Observed: free recruiter account and directory entry; paid monthly listing credits; hosted application forms or redirect to the recruiter's site; optional paid company profile; job/course/tour/placement inventory in one system.","High. Observed: company profiles can include listings, galleries, articles/news, video, social connections, advice content, and application/contact paths.","yes — Observed: current search cards display accommodation as Provided, Not provided, Optional (sometimes with cost), or Not specified.","partial — Observed: meal information may appear in listing/package narrative; no current public standardized meal field/filter was established.","yes — Observed: current public search cards display pay/earnings when supplied, including “competitive” or program-cost context where applicable.","no — Observed: current public evidence showed sector/location/employer filtering and cards, not a map.","partial — Observed: MySeason provides saved listings, followed employers, recommendations, and a personalized feed through the web product; unknown: no dedicated current mobile app was established.","partial — Observed: recruiter accounts, public profiles/contact paths, platform history, and controlled application routing. Not observed: universal employer identity verification, independent worker reviews, or verified living-condition claims.","yes — Observed: credits range from £54 for one to £1,200 for 100 (excluding VAT), with cost per credit declining from £54 to £12; one listing with multiple locations uses one credit per month; a Company Profile uses one credit per month.","Observed: broad international seasonal inventory, first-class accommodation visibility, strong Europe/working-travel reach, personalized MySeason discovery, and deep recruiter media/content tools.","Observed/inference: paid jobs, courses, placements, and candidate-paid programs coexist and require careful interpretation; meals are not normalized; no map was observed; and U.S. destination-employer depth is weaker than the Europe/UK orientation.","Inference: clearly separate employer-paid jobs from paid training/placement programs; prioritize U.S. destination work initially; normalize housing cost/type, meals, transport, work authorization, program fees, and net value; add verified direct-source and map layers.","https://www.seasonworkers.com/;https://www.seasonworkers.com/about-us;https://www.seasonworkers.com/contact-us;https://www.seasonworkers.com/recruitment","2026-07-12","94"
"AlaskaTourJobs","https://www.alaskatourjobs.com/","Single-employer recruitment/employee-experience portal for HAP Alaska-Yukon (Holland America Line and Princess Cruises land operations), with an external ATS.","High but narrow. Observed: seasonal Alaska/Yukon lodge, motorcoach, rail, transportation, guest-services, food-and-beverage, rooms, maintenance, retail, and administration work is presented as a destination experience.","Observed: job seekers considering seasonal or year-round work with HAP Alaska-Yukon.","Observed: internal HAP Alaska-Yukon recruiting teams; it is not an open multi-employer job board.","Observed: Alaska and Canada's Yukon Territory.","Observed: employer-owned career marketing site with department/location/life/perk content; seasonal openings link to an external Pinpoint ATS and year-round openings to a separate corporate ATS.","High. Observed: locations, departments, “life in Alaska,” perks, testimonials, sustainability, events, social content, and housing/living documents create deep single-employer context.","yes — Observed: public location/life materials include employee-housing and RV information; availability and rules vary by site.","yes — Observed: public employee-living documents describe location-specific meal-plan availability/options.","partial — Observed: pay is job-specific in the linked application system rather than a consistently visible field on the main AlaskaTourJobs discovery pages.","yes — Observed: the homepage has an interactive numbered location exploration section.","partial — Observed: the public site and linked ATS provide web discovery; unknown: no dedicated job-seeker app was established.","partial — Observed: direct employer/brand provenance, Equal Opportunity Employer statement, corporate ATS links, named locations, and detailed employee-life documents. Not observed: independent reviews or third-party verification of living conditions.","not applicable — Observed: this is a single employer's own recruiting site, not a paid listing marketplace.","Observed: very deep destination-specific employer story, location exploration, recruiting events, departments, employee life, housing, meal-plan, and transportation context from the direct employer.","Observed/inference: not a marketplace; candidates cannot compare employers; job and lifestyle data are split across the marketing site, PDFs, and ATS; pay visibility is job-dependent; and some public housing/RV collateral found during research still referenced 2025 terms, so freshness must be checked document by document.","Inference: aggregate multiple Alaska operators and other destinations into one comparable schema, show source/freshness dates at field level, and let users compare living costs and terms while routing applications to the employer's official ATS.","https://www.alaskatourjobs.com/;https://www.alaskatourjobs.com/lifeinalaska;https://www.alaskatourjobs.com/locations;https://alaskatourjobs.com/assets/images/lifeInAlaska/rv/rv-pdfs/Healy_%28Denali%29_RV_Info.pdf","2026-07-12","91"
"Indeed","https://www.indeed.com/","Broad global job-search, aggregation, matching, employer-branding, and hiring platform.","Partial. Observed: seasonal is a job-type filter and adventure/housing terms can be searched, but destination lifestyle is not a core taxonomy.","Observed: general job seekers across industries and experience levels.","Observed: employers of all sizes, staffing/recruiting organizations, and enterprise ATS/career-site customers.","Observed: international via Indeed Worldwide/localized markets, with deep U.S. coverage.","Observed: eligible direct jobs can be free within limits; Sponsored Jobs use results-based budgets; some inventory is aggregated from employer sites, ATSs, feeds, and partner sources; Easy Apply/external apply; company pages and Smart Sourcing.","High for general employment context. Observed: Company Pages can include reviews, ratings, photos, salaries, benefits/work-wellbeing context, Q&A, and open jobs; seasonal housing/lifestyle is not a standard profile module.","partial — Observed: housing can be present in listing text/benefits and found by keyword; no dedicated housing filter was established on current official search guidance.","partial — Observed: meals can appear in job text/benefits; no dedicated meal filter was established.","yes — Observed: pay/salary is a search filter, job posts can show pay, and salary research exists by role/company/location.","no — Observed: official current guidance emphasizes location, ZIP, distance, and filters rather than a job map.","yes — Observed: current official guidance covers web and mobile search; the app adds push alerts, application status, employer messaging, and Career Scout.","partial — Observed: Company Reviews, public company/salary context, reporting/safety guidance, payment-method validation for sponsors, and platform quality standards. Not observed: universal workplace identity verification for every job or audited housing/meal terms.","yes — Observed: up to three eligible direct free jobs per month are described; Sponsored Jobs use daily pay-per-click or monthly pay-per-started-application depending on setup; current U.S. pricing says budgets start at $5/day or $150/month, subject to role/location/market and policy limits.","Observed: enormous cross-industry reach, current seasonal job-type filtering, detailed salary/review research, mobile workflow, job alerts, AI matching, and employer-side screening/sourcing tools.","Observed/inference: adventure work is a keyword slice of a general marketplace; housing and meals are unstructured; duplicate/aggregated source paths can complicate provenance; and lifestyle fit is weaker than the company/pay/career lens.","Inference: win on curated place-based inventory, structured living logistics and season dates, direct-source provenance, complete maps, and trust/freshness signals; use Indeed as a broad distribution/search benchmark, not as a model to match on total inventory.","https://www.indeed.com/career-advice/finding-a-job/guide-using-indeed.com-job-search;https://www.indeed.com/career-advice/finding-a-job/tips-on-how-to-get-better-search-results-on-indeed.com;https://www.indeed.com/career-advice/finding-a-job/how-does-indeed-work;https://www.indeed.com/hire/cs/pricing;https://www.indeed.com/hire/resources/howtohub/how-pricing-works-on-indeed","2026-07-12","96"
"ZipRecruiter","https://www.ziprecruiter.com/","Broad U.S.-led online employment marketplace, job distribution network, and AI matching platform.","Partial. Observed: seasonal/housing searches return relevant roles, but adventure/place-based work is not a first-class vertical.","Observed: general job seekers seeking matched roles and status alerts.","Observed: small/midsize businesses and enterprise employers across industries.","Observed: strongest in the United States, with broader North American/international services depending on product.","Observed: direct employer posting, distribution to 100+ job sites (including Google Jobs), AI matching/invites, reusable job slots, resume database, free trial, and Standard/Premium/Pro plans; mobile/email candidate delivery.","Partial. Observed: listings include company and job context, pay/highlights, and application flow; official public evidence did not show a Glassdoor-like deep review/profile layer as the core product.","partial — Observed: keyword landing pages and job text can expose housing, but no normalized housing filter/field was established.","partial — Observed: meals may appear in job text/benefits; no normalized meals field/filter was established.","yes — Observed: ZipRecruiter reported that more than 70% of its jobs included pay information in its current feature announcement, and it provides a public salary database and pay-oriented job previews.","no — Observed: current official evidence centered on title/location search, matching, alerts, and distribution, not a job map.","yes — Observed: official public pages promote iOS/Android apps, mobile job delivery, alerts, application-view notifications, and mobile employer workflows.","partial — Observed: application-view alerts, platform job-posting rules, employer dashboard/candidate management, 24/7 support, and controlled candidate messaging. Not observed: universal employer identity/workplace verification or independent housing verification.","partial — Observed: a free trial, flexible monthly subscriptions/job slots, pay-per-day options, and fixed-price/unlimited-application positioning are public; not public on reviewed current plan pages: generally applicable dollar prices, which are tailored to hiring needs.","Observed: broad distribution, proactive AI invites, large reach, strong mobile/status experience, salary visibility, and straightforward employer candidate management.","Observed/inference: housing/meals and adventure context are keyword-only; employer lifestyle profiles are shallow; public dollar pricing is opaque; and very broad inventory makes destination/season fit harder to evaluate.","Inference: structured seasonal-life fields, opportunity maps, destination context, field-level provenance/freshness, and cross-employer comparison can create value ZipRecruiter's reach/matching layer does not target.","https://www.ziprecruiter.com/about;https://www.ziprecruiter.com/mobile;https://www.ziprecruiter.com/post-a-job;https://www.ziprecruiter.com/plans;https://www.ziprecruiter.com/blog/new-job-seeker-tools/;https://www.ziprecruiter.com/Salaries","2026-07-12","94"
"Google Jobs / Google Search job results","https://www.google.com/search?q=jobs","Search aggregation/discovery layer fed by employer and career/job sites across the web.","Partial. Observed: users can search arbitrary job/location terms, so adventure jobs are discoverable; the product is not an adventure or seasonal-work vertical.","Observed: general Google Search users looking for jobs.","Observed: employers, career-site owners, and third-party job sites that expose crawlable job pages/JobPosting structured data; organic job results are not a paid listing product.","Observed: multiple countries/languages, but the job-search feature is not available everywhere; some specialized flows are U.S.-only.","Observed: jobs come directly from employers and career sites across the web; users click through to a source to apply; publishers can add JobPosting schema or integrate through a third-party site; relevance ranking is organic and personalized in some contexts.","Partial. Observed: eligible results can include employer logo, reviews/ratings, job attributes, and job details, but employer narrative remains at the source site.","partial — Observed: Google may infer benefits/attributes from descriptions, and housing terms can be indexed as text; housing is not a documented first-class JobPosting property/filter.","partial — Observed: meal terms can be present in indexed descriptions but are not a documented first-class discovery field.","partial — Observed: JobPosting supports an employer-provided baseSalary, which must match visible page content; visibility depends on source data.","no — location and commute-time features exist, but no public job-map browse view was established.","yes — Observed: the job experience is available through Google Search on desktop and mobile, subject to country/language availability.","partial — Observed: structured-data/job-content policies prohibit fake/misrepresented, expired, pay-to-apply, incomplete, and no-application-path jobs; users can report listings; sources remain external and quality varies.","yes — Observed: job-listing providers do not pay Google to appear in organic job results and cannot pay to influence organic job ranking; separate labeled Search ads may appear through the ads auction.","Observed: massive top-of-funnel reach, direct-host discovery, location/commute relevance, multiple source options, free organic eligibility, and standardized schema support.","Observed/inference: duplicated or fragmented sources, uneven data completeness, no consistent housing/meals structure, limited employer storytelling in-result, and no adventure-specific trust or lifestyle comparison.","Inference: become a high-quality structured source for Google while offering the deeper on-site map, living-logistics comparison, verification/freshness, and destination curation that search results cannot deliver alone.","https://support.google.com/websearch/answer/7498276?hl=en;https://developers.google.com/search/docs/appearance/structured-data/job-posting","2026-07-12","96"
"LinkedIn Jobs","https://www.linkedin.com/jobs/","Professional network plus broad job search, employer pages, recruiting, matching, and applications.","Partial. Observed: arbitrary keyword/natural-language search can find outdoor/seasonal roles, but the current standard employment-type filters do not make “seasonal” a core type.","Observed: professionals and job seekers using profiles, networks, skills, preferences, and job alerts.","Observed: employers, hirers, recruiters, and enterprise talent-acquisition teams.","Observed: global professional network and job marketplace.","Observed: one-at-a-time free jobs with visibility/applicant limits; promoted cost-per-click jobs with daily or total budgets; enterprise Job Slots/Job Wrapping; Easy Apply or external application; matching and recruiter tools.","High. Observed: Company Pages, employees, updates/content, recruiter identities, network connections, jobs, and page verification can provide rich employer context.","partial — Observed: housing can appear in job text/posts and keyword search; no dedicated housing field/filter was found in current official filter documentation.","partial — Observed: meals can appear in job text; no dedicated meal field/filter was found.","partial — Observed: salary can be provided with jobs/feeds, but current official general filter documentation reviewed here did not establish consistent pay visibility/filtering for all jobs.","no — Observed: current job discovery is list/filter/network based, not map based.","yes — Observed: official help documents full mobile search, save, alerts, Easy Apply/external apply, and mobile promotion.","partial — Observed: identity, workplace, Page, and job-post verification badges; recruiter/profile context; scam guidance; and reporting. Important limitation: the job badge is still available only to a select set/pilot of Jobs customers, so absence is not an adverse signal.","partial — Observed: the free-post limits and promoted CPC/daily-or-total budget model are public; actual promotion cost depends on job demand/title/location and no universal dollar price is published.","Observed: unmatched professional identity/network context, deep company/recruiter presence, verification signals, natural-language search, strong mobile flow, and employer sourcing/matching.","Observed/inference: seasonal/adventure and living logistics are not first-class; housing/meals are narrative; many meaningful features depend on an account/profile; and the professional-career lens can under-serve transient hourly/place-based work.","Inference: make seasonal/adventure the primary taxonomy, require structured living terms, enable no-network public browsing and maps, and show field-level source/freshness while retaining direct employer application routes.","https://www.linkedin.com/help/linkedin/answer/a511260/searching-for-jobs-on-linkedin?lang=en;https://www.linkedin.com/help/linkedin/answer/a507441/filter-and-sort-job-search-results?lang=en;https://www.linkedin.com/help/linkedin/answer/a1492056;https://www.linkedin.com/help/linkedin/answer/a519737/differences-between-free-and-promoted-jobs?lang=en;https://www.linkedin.com/help/linkedin/answer/a1602825","2026-07-12","95"
"Glassdoor","https://www.glassdoor.com/","Workplace-review, salary, company-research, career-community, and job-search product; current personalized jobs are powered by Indeed.","Partial. Observed: seasonal/housing opportunities are searchable, but the primary differentiation is employer transparency rather than adventure/place-based work.","Observed: job seekers and employees researching companies, pay, interviews, benefits, ratings, reviews, and workplace conversations.","Observed: employers and employer-brand teams; job posting/matching is increasingly integrated with Indeed.","Observed: global company/review coverage and localized experiences, with strong U.S. job/search depth.","Observed: Indeed-powered personalized job listings and applications combined with Glassdoor reviews/salaries/community; free employer profiles plus paid Employer Branding Hub/Enhanced Profile products.","Very high. Observed: company overview, reviews/ratings, salaries, benefits, interviews, photos, Q&A/community, employer responses, jobs, and branded content.","partial — Observed: housing can appear in job text and is findable by keyword; no standardized housing field/filter was established.","partial — Observed: meals can appear in job descriptions/benefits; no standardized meals field/filter was established.","yes — Observed: employer-provided or estimated pay can appear on jobs, and Glassdoor's core product includes salary search/comparison.","unknown — Observed: a historical Job Explorer map was launched in 2014, but no current official product page verified that it remains an active discovery feature, so it is not counted as current.","yes — Observed: the current public app page supports workplace conversations, salary transparency, and company reviews/ratings in the Glassdoor app.","yes — Observed: multi-step technology/algorithm/human moderation, anti-manipulation rules, employer inability to pay to remove negative reviews, review anonymity protection, employer responses, and community guidelines. Caveat: Glassdoor says it does not fact-check ordinary employment disputes.","partial — Observed: Free and Paid employer-branding tiers and their feature differences are public; paid dollar prices require contacting Sales.","Observed: deepest independent employer-reputation and salary context in this set, with moderated anonymous worker voice and integration into Indeed's job-matching reach.","Observed/inference: housing/meals and seasonal living experience are not structured; job discovery increasingly overlaps Indeed; reviews may be sparse for small seasonal hosts and are not fact adjudications; some useful functionality/account data is gated.","Inference: focus worker feedback on season-specific realities (housing, meals, transport, schedule, management, contract completion) using structured, privacy-safe prompts and freshness windows—without attempting to replicate Glassdoor's general employer-review corpus.","https://www.glassdoor.com/about/;https://www.glassdoor.com/about/onelogin/;https://www.glassdoor.com/about/trust/;https://www.glassdoor.com/apps.htm;https://www.glassdoor.com/employers/features-and-pricing/;https://www.glassdoor.com/employers/sign-up/","2026-07-12","94"
"SimplyHired","https://www.simplyhired.com/","Broad public job search/aggregation interface integrated with Indeed accounts, matching, and employer posting.","Partial. Observed: seasonal-with-housing keyword searches return destination/camp/resort roles, but there is no adventure-first taxonomy.","Observed: general U.S. job seekers browsing jobs, salary information, companies, and city job markets.","Observed: employers are routed to Indeed's employer platform for free and sponsored posting.","Observed: primarily United States in the reviewed public product.","Observed: search/aggregation with public job details, Quick Apply or external apply, job alerts, and an Indeed-linked profile; employer acquisition/posting is handled through Indeed.","Partial. Observed: results expose company name/rating, job details, benefits, qualifications, and salary where available; employer research is materially thinner than Glassdoor/Indeed Company Pages.","partial — Observed: housing-specific keyword result pages work and listing text can expose housing, but no normalized housing field/filter was established.","partial — Observed: meals may occur in listing text/benefits, but no normalized meals field/filter was established.","yes — Observed: pay is prominently visible on many cards/details and salary-estimator/local-and-national salary resources are linked.","no — Observed: current public discovery is title/skill/company + city/state/ZIP/remote list search, not map search.","partial — Observed: the current web product promotes portable job search and shares profile/preferences with Indeed; unknown: no current dedicated SimplyHired mobile app was established.","partial — Observed: Indeed account/terms integration, company ratings, source applications, and employer posting under Indeed quality/usage constraints; not observed: distinct SimplyHired employer verification or independent seasonal-living validation.","partial — Observed: employers can create eligible free Indeed posts and optionally sponsor them on a pay-as-you-go basis; the SimplyHired employer page does not publish a standalone dollar price schedule.","Observed: very simple public search, large inventory, visible pay/benefits/qualifications, quick application paths, and access to the Indeed ecosystem without a separate account.","Observed/inference: limited independent differentiation from Indeed; no map; shallow seasonal employer story; and housing/meals remain keyword text rather than comparable decision fields.","Inference: offer a purpose-built seasonal/adventure data layer, complete opportunity map, employer-life profiles, verified source/freshness, and structured pay/housing/meals/transport comparison rather than another general search facade.","https://www.simplyhired.com/;https://www.simplyhired.com/post-jobs;https://www.simplyhired.com/learn-more;https://www.simplyhired.com/search?q=seasonal+with+housing+provided","2026-07-12","94"
"RanchWork.com","https://www.ranchwork.com/","Paid niche ranch, farm, equestrian, hunting, guest-ranch, and outdoors job board; also accepts paid ""job wanted"" ads.","high — ranch and outdoors roles, seasonal work, dude/guest ranches, wranglers, hunting, caretaking, cooking, and housing-oriented discovery align closely with work-as-adventure.","Ranch/outdoors job seekers, including individuals or couples seeking full-time, part-time, seasonal, and live-in work.","Ranches, farms, outfitters, estates, guest-ranch operators, and other employers buying job-ad exposure; job seekers can also buy ""job wanted"" listings.","U.S.-first, with state/location browsing and support in the posting form for Canada and other international locations.","Employer-submitted job openings plus candidate-submitted ""job wanted"" listings; free trial and one-time paid packages; category and location browsing; featured/newsletter/social distribution in paid packages.","partial — the posting form captures employer name, optional website, contact route, location, job description, media, and application method, but the product is primarily an ad rather than a persistent, deeply structured operation profile; employers may post as private.","yes — housing is a required yes/no/maybe field and there is a dedicated public housing category.","partial — meals/board may be described in the ad, but no dedicated meals field or public meals filter was found.","yes — salary is a required posting field, though the content and precision remain employer-entered.","no — public discovery is based on lists, categories, and locations; no job map was found.","partial — RanchWork says its interface was rebuilt for speed and mobile accessibility, but no current native app was found.","partial — long operating history, human-owned niche positioning, EEOC posting rules, contact/application choices, Stripe checkout, and visible filled/expired status; no public ID verification, employer verification, worker reviews, or completed-stay review loop was found.","yes — one-time employer packages are Free (one-time trial with delayed/short placement), Silver $95, Gold $125, Platinum $195, and Diamond $295; duration and promotion benefits vary. Public job-wanted packages are Silver $99, Gold $149, and Platinum $199.","The strongest ranch-specific paid-work competitor: deep occupational fit, strong niche audience, current inventory, housing discovery, transparent ad pricing, and both employer and candidate-side posting.","Limited map/place inspiration, inconsistent meal and benefit structure, shallow employer identity, and limited public verification/reputation controls. Paid-employment status is clear, but legal compliance beyond posting rules remains with employer and worker.","Preserve RanchWork's ranch vocabulary and paid-job clarity, then add verified operation profiles, map/mobile discovery, structured pay/housing/meals/transport/season fields, place storytelling, worker reviews, and application workflow. Do not mix unpaid exchange results into paid ranch-job results without a prominent opportunity-type boundary.","https://www.ranchwork.com/;https://www.ranchwork.com/about-us/;https://www.ranchwork.com/post-a-job-opening/;https://www.ranchwork.com/post-a-job-opening/job-listing-form/;https://www.ranchwork.com/post-a-job-wanted/;https://www.ranchwork.com/jcategory/ranch-jobs-with-housing/","2026-07-12","96"
"RanchWorldAds","https://www.ranchworldads.com/","Ranch classifieds marketplace with a Ranch Jobs category alongside horses, livestock, properties, equipment, services, and other ranch commerce.","medium-high — directly relevant ranch jobs appear, but employment is one category inside a much broader buying/selling marketplace rather than an experience-led career product.","Ranch job seekers and the broader ranch/equine classified audience.","Individual and business ad posters across ranch jobs and other classified categories.","U.S.-centric public state browsing with North American reach; public job ads can include Canadian locations.","Account-based paid photo classifieds; Ranch Jobs and Seeking Ranch Job ads sit in the same classified system as non-job inventory.","partial — a poster account, employer/contact fields, location, description, photos, and video may be present, but there is no public evidence of a persistent, structured employer profile comparable to a modern company/host page.","yes — Ranch Jobs ads expose a room-and-board field.","partial — room and board can communicate food/board, but meal detail is not a dedicated searchable facet.","yes — job ads expose a salary field, subject to what the poster supplies.","no — category, keyword, state, city, and ad-number browsing are evidenced; no map experience was found.","unknown — the official public pages reviewed do not advertise a native app or document a mobile-specific discovery product.","partial — user accounts, site rules, poster history links, classified status, and contact routes exist; no public host/employer ID verification, worker reviews, or employment-specific vetting workflow was found.","yes — the public site says horse, cattle, dog, and real-estate ads are $35/year with richer media and all other photo classified ads are $10/year with five photos. Ranch Jobs appears in the ""all other"" structure, but the post flow requires login, so confirm the category price at checkout before relying on it operationally.","Very low public ad cost and valuable ranch-industry adjacency across jobs, horses, livestock, property, and services.","Jobs compete with unrelated classifieds; employer identity, trust, search facets, map/mobile discovery, and career workflow are thin. Compensation and room/board are poster-entered rather than normalized or validated.","Offer a job-only, modern, mobile/map experience with structured role terms, verified operations, current status, and worker-safe application routing, while retaining cross-links to the surrounding ranch ecosystem where useful.","https://www.ranchworldads.com/;https://www.ranchworldads.com/account.php?action=add;https://www.ranchworldads.com/siterules.php","2026-07-12","84"
"AgCareers.com","https://www.agcareers.com/","Paid agriculture, food, natural-resources, and biotechnology career portal with job advertising, employer branding, resume database access, talent sourcing, compensation data, and career education.","medium-low — excellent agriculture career relevance, including farm production and internships, but the product is profession/industry-led rather than place/adventure-led.","Agriculture and food candidates ranging from students and interns to production, technical, corporate, and executive professionals.","Agriculture/food employers, recruiters, education partners, and HR/talent teams.","Multi-region/global job inventory with particularly strong U.S. and Canadian employer coverage and regional support for Australia/New Zealand; public jobs also appear in other countries.","Employer-paid job postings, branded employer/job pages, candidate applications, saved jobs and alerts, resume database access, featured distribution, and optional talent sourcing.","yes — public employer/recruiter browsing, employer partner profiles, logos/branding on postings, organization descriptions, and links to all jobs or official career sites are supported; depth varies by package/partner status.","no — no standardized housing field or housing filter was found in the public job-board flow.","no — no standardized meal/board field or filter was found.","partial — job pages support a salary value, but employers may use non-numeric values and salary disclosure is not consistently structured across inventory.","partial — robust location search and location pages are current; older official guidance documents an interactive map, but the current public mobile flow reviewed did not establish map-led discovery as a primary experience.","partial — a current mobile web experience is public. AgCareers' official materials reference a Job Seeker Mobile App, but current app-store availability was not independently confirmed in this pass.","partial — branded employer pages, employer partners, apply routing, established candidate accounts, resume tools, career resources, and customer support; no worker-review or consumer-style employer-ID verification loop was found.","yes — one job is $395; 2-job package $325/job; 3 at $300/job; 4 at $250/job; 5 at $220/job, each live up to 60 days and including two weeks of resume-database access. Public add-ons include Maximum Posting Exposure $150/job, Confidential Posting $50, and resume-database-only access $500/month. Public talent sourcing is shown at $1,000 for roles below $85k and $3,000 for roles above $85k.","The most complete agriculture recruiting stack in this set: broad career coverage, candidate database, employer branding, sourcing, salary intelligence, career resources, and transparent B2B pricing.","Weak work-as-adventure positioning and no structured housing/meals layer; location is functional rather than immersive. Professional breadth can bury hands-on, seasonal, rural, and live-on-site roles.","Curate the hands-on and place-dependent edge of agriculture—farm, ranch, seasonal, stewardship, guest operations, and rural production—with map/place media and structured living terms, while linking back to official employers and keeping employment compliance explicit.","https://m.agcareers.com/;https://m.agcareers.com/advertising-rates.cfm;https://m.agcareers.com/employer.cfm;https://m.agcareers.com/employer-partners.cfm","2026-07-12","92"
"Farm Job Search","https://www.farmjobsearch.com/","Agriculture-only job board and consultant-mediated staffing/matching service.","medium-high — strong hands-on farm/ranch and rural operations relevance, but discovery is a long text list rather than an adventure/place experience.","Farm and agribusiness job seekers across management, livestock, crop, equipment, maintenance, sales, and general farm work.","Farms, ranches, and agribusiness employers seeking public job exposure and optional consultant matching.","Predominantly United States, with the public service describing candidates across most states and occasional Canadian roles.","Employers submit openings to staff for review; public listings can remain live for a year or more/until removal; consultants can review candidate questionnaires and personally match applicants.","partial — the intake captures business name and contact/address information, and the service says farm-business information can remain visible with the job, but there is no rich standardized company or place profile.","partial — the employer form specifically prompts housing description within a free-text benefits field, not a normalized filter.","partial — meals could appear within free-text job benefits, but there is no dedicated meals field/filter.","yes — salary range is a dedicated employer intake field, although public completion varies by employer.","no — public discovery is a dated list and location text; no map was found.","partial — public web pages are accessible, but no native app or documented mobile discovery product was found.","partial — human consultants say they personally review openings and candidate information and have farm-operations experience; no public ID verification, employer review, or worker feedback system was found.","partial — job listing is publicly described as free for a year or more with optional voluntary donations, and employers have no obligation until a hire. The site also describes staffing as having no employer obligation until hire, but the contingent placement fee amount is not public.","Agriculture-only relevance, free long-duration listings, and a personal matching layer can serve employers and candidates who want human help rather than only self-service search.","Stale/long inventory risk, minimal filtering, no map, weak place storytelling, free-text housing/benefits, and opaque post-hire staffing economics.","Add freshness controls, self-serve status and applications, structured compensation/living fields, location maps, and verified operation pages while retaining an optional human concierge for hard-to-fill rural roles.","https://www.farmjobsearch.com/;https://farmjobsearch.com/employers.php?site=FJS;https://www.farmjobsearch.com/employerform.php?site=FJS;https://www.farmjobsearch.com/about.php","2026-07-12","95"
"WWOOF USA (with global WWOOF federation context)","https://wwoofusa.org/","Nonprofit organic-farm cultural and educational exchange membership network; not a paid job board.","very high for farm learning, sustainable agriculture, rural immersion, food, nature, and community; intentionally not ""earn""/employment.","WWOOFers seeking hands-on organic farming and sustainable-living education.","Paid WWOOFer members and approved host members; national WWOOF organizations operate their own memberships.","WWOOF USA covers hosts in the United States. Globally, WWOOF is a federation of national organizations; there is no single membership covering every country. WWOOF Independents covers hosts in 80+ countries without a national organization.","Approved host directory with map/list views, filters, farm and host profiles, photos, reviews, favorites, availability, visit requests, messaging, and a shared common platform across member organizations.","yes — rich host rather than employer profiles, with farming methods, learning opportunities, projects, host type, dates, length of stay, lodging, meals/diets, capacity, languages, mentoring identity, and reviews.","yes — accommodation is part of the exchange and lodging types are public directory filters; USA standards require an accommodation description and sleeping-area photo.","yes — hosts provide meals/food, and the directory includes meal/diet filters. WWOOF USA host guidance specifies lodging and three meals per day for overnight visitors.","no — WWOOF states that no money is exchanged between hosts and WWOOFers.","yes — the public USA host directory is map-based and supports farming, date, lodging, meal, capacity, region, and other filters.","yes — official iOS/Android app links are on WWOOF USA; the Federation app supports host discovery, saved hosts, messaging, visits, calendars, and member connections.","yes — host approval and required criteria, local national staff, host standards, secure ID verification, reviews, response rate, respectful-relationships policy, and a WWOOF-Verified host badge with additional performance criteria.","partial — public official pages establish that WWOOFers and hosts pay membership fees, memberships are annual, and USA offers solo/dual memberships; the current retail amounts were not shown on the public pre-registration pages reviewed. A USA scholarship page says a $40 donation funds one annual membership, but that is not treated here as definitive 2026 retail pricing.","The clearest farm-specific immersion network: mission alignment, deep agricultural filters, map discovery, rich living/learning expectations, strong host standards, reviews, local support, and mobile access.","It is not employment and does not support wages. Membership is fragmented by country, and international participants must independently verify immigration and labor-law eligibility; WWOOF/hosts do not provide visa sponsorship or legal advice.","Create a clearly separate **paid farm/ranch work** lane with wage, payroll/employment status, benefits, housing charges, visa/sponsorship facts, and employer verification, while borrowing WWOOF's learning-practice taxonomy, map, stay detail, and community trust patterns. Never describe a no-money WWOOF-style exchange as paid work.","https://wwoofusa.org/en/how-it-works;https://wwoofusa.org/en/hosts;https://info.wwoofusa.org/hostingstandards/;https://info.wwoofusa.org/wwoofverified/;https://info.wwoofusa.org/visainfo/;https://go.wwoofusa.org/host/;https://wwoof.net/;https://help.wwoof.net/hc/en-us/articles/16654242331037-I-want-to-go-WWOOFing-in-different-countries-Is-there-an-international-membership;https://help.wwoof.net/hc/en-us/articles/16654279384221-What-visa-do-I-need","2026-07-12","98"
"Workaway","https://www.workaway.info/","Global cultural exchange, volunteer, farmstay, homestay, house/pet-sitting, community, NGO, and working-holiday membership marketplace; includes a policy-controlled paid-business-host edge but is not primarily a job board.","very high — broad global travel inventory, farmstays, sustainable projects, boats, remote communities, last-minute availability, travel buddies, events, and cultural immersion.","Travelers/workawayers seeking cultural exchange, volunteering, learning, and working-holiday experiences.","Paid individual/couple Workawayer members; host registration is publicized as free.","Global — Workaway publicly describes 50,000+ opportunities in more than 170 countries.","Host profiles and availability with traveler applications/messages; global list and map, extensive filters, favorites, feedback, travel buddies, and community functions. Hosts can be individuals, families, farms, communities, NGOs, schools, hostels, boats, and businesses.","yes — rich host/place profiles describe people, location, cultural exchange, help, learning, accommodation, food, availability, media, and feedback; business-host pay obligations are policy-driven, not equivalent to a full employment record.","yes — accommodation information is a core exchange term and a public search/filter dimension.","yes — host guidance says cultural-exchange hosts generally provide accommodation and food, and farmstay guidance describes accommodation/meals; exact arrangements remain host-specific.","partial — most opportunities are exchange, not wages. Workaway tells business hosts or hosts requesting help with business activity that they should offer free accommodation plus at least the applicable minimum wage for each hour worked; this is platform guidance, and paid status/detail varies by profile and jurisdiction.","yes — public host search has a Map view, and a dedicated hosts-on-map feature supports nearby/destination discovery.","yes — official Workaway pages promote Workawayer and host mobile apps.","yes — manual review of new/renewed/updated profiles, optional secure ID verification and badge, two-sided feedback, report/investigation flow, 24-hour support, emergency help, response guarantee, and reference letters.","yes — locale-sensitive public standard one-year plans showed US$69 individual/US$79 couple on the U.S. response and £49/£59 on GBP responses; Plus showed US$89/US$99 and £69/£79 respectively; host registration is free. Recheck locale before external use.","The broadest travel-community competitor here, combining global supply, rich host/place context, map/mobile discovery, feedback, identity tools, social features, and support.","Paid and unpaid opportunities coexist near a sensitive legal boundary. Workaway is a contact facilitator, not an employment agent, and it does not routinely run background checks. Wage, visa, tax, insurance, and worker-classification compliance remain jurisdiction-specific.","Specialize in vetted farm/ranch/outdoor paid work, separate employment from cultural exchange at the data-model and search-result level, validate wage/hours/housing deductions, and add operation/employer credentials. Borrow Workaway's map, rich place profiles, mobile tools, reviews, and support.","https://www.workaway.info/en/info/how-it-works/workawayer;https://www.workaway.info/en/info/how-it-works/host;https://www.workaway.info/en/hostlist;https://www.workaway.info/en/hosttype/farm;https://www.workaway.info/en/info/safety;https://www.workaway.info/en/info/safety/idverification;https://www.workaway.info/en/signup/workawayer;https://www.workaway.info/en/account/workawayer/hosts-on-map","2026-07-12","98"
"Worldpackers","https://www.worldpackers.com/","Global volunteer/collaborative exchange marketplace plus traveler community and learning content; explicitly not an employment marketplace.","very high — farms, farmstays, permaculture, eco-villages, communities, hostels, homestays, NGOs, schools, nature projects, cultural immersion, and skill-based travel in 140+ countries.","Travelers seeking skills-for-accommodation volunteer/collaborative experiences.","Travelers buying annual Trips/Pack memberships; hosts are supply-side projects using recruitment, messaging, calendar, and mobile tools.","Global — official pages describe 9,000+ hosts in 140+ countries and a community spanning more countries.","Public searchable opportunity pages and rich host/position profiles; paid members apply/message and confirm trips; structured tasks, hours, dates, accommodation, meals, benefits, requirements, reviews, response metrics, and sustainability/top-host badges.","yes — rich host/project and position profiles, though these are exchange hosts rather than employers; detailed host information and videos may be member-gated.","yes — accommodation is required and appears as structured filters and position benefits.","yes — public search filters support at least one/all meals, and individual opportunities show meal benefits when offered.","no — Worldpackers prohibits monetary compensation, positions exchanges as collaboration rather than employment, and says it does not recommend work contracts; exchanges are capped at 32 volunteer hours/week and 12 weeks with one host.","no — the public discovery reviewed is destination/list/filter based; no map control was found.","yes — official search and host pages link to the Worldpackers app, and host tooling is advertised for web and mobile.","yes — individually approved hosts, review monitoring, confirmed-trip two-sided reviews, Top Host and sustainability badges, response/approval signals, on-platform agreements/messages, 7-day support, Host Response Guarantee, and tiered WP Safeguard emergency-accommodation support.","yes — public one-year plans show Solo Trips $59, Solo Pack $109, Solo Pack Plus $139, Couples/Friends Trips $69, Couples/Friends Pack $129, and Couples/Friends Pack Plus $159. Specific social/eco projects may request a separately disclosed collaboration fee; Worldpackers says there are no other platform-use fees during an active plan.","Excellent experience merchandising and structured exchange detail: task/hours, stays, lodging, meals, benefits, purpose, reviews, response signals, mobile, learning, and travel safeguards.","No wages; the exchange is positioned as collaboration rather than employment; no public map was found; some detailed host information is member-gated; and some social/eco hosts may charge extra. Travelers remain responsible for visas, insurance, transport, and destination-law compliance.","Own the paid-opportunity side Worldpackers explicitly excludes: verified employers, lawful wage data, job classification, taxes/payroll, housing charges, sponsorship facts, and worker protections—while matching its structured benefits, experience taxonomy, community proof, mobile flow, and support.","https://www.worldpackers.com/topics/how-worldpackers-works;https://help.worldpackers.com/en/hc/how-does-worldpackers-work;https://www.worldpackers.com/search/eco;https://www.worldpackers.com/en/hosts;https://help.worldpackers.com/en/hc/initial-questions;https://help.worldpackers.com/en/hc/visa-doubts;https://www.worldpackers.com/get_verified","2026-07-12","98"
"MaritimeJobs","https://www.maritimejobs.com/","Specialist maritime job board and resume database","Medium - genuine shipboard and vessel travel, but the public inventory is predominantly licensed, technical, government, or shoreside career work rather than seasonal lifestyle work","Credentialed mariners, vessel operators, engineers, maritime technicians, and shoreside professionals","Maritime employers, recruiters, vessel operators, government fleets, and marine-industry firms","Global interface; current public supply is visibly U.S.-leaning","Paid 30-day employer postings with Standard, Premium, and Recruiter tiers; resume posting/search; featured placement; newsletters; and partner maritime-media distribution","Medium - public featured-employer pages can show a logo, overview, external website, headquarters, and jobs; the experience is vacancy-first rather than rich culture or place storytelling","No structured housing field evidenced; it may only appear in employer-authored free text","No structured meals field evidenced; it may only appear in employer-authored free text","Partial - compensation can appear in public job text, but no universal required salary field is evidenced","No - keyword, category, and location lists and filters","Public web discovery confirmed; no first-party native job-search app found","Terms reject non-genuine employment, pay-to-join schemes, and improper discriminatory criteria, but state that the platform is a conduit with no obligation to pre-screen user content","Yes - 30-day single posts are $150 Standard, $200 Premium, and $300 Recruiter; public bulk pricing and cross-media features are itemized","Focused maritime taxonomy, resume database, employer visibility, and amplification through a broader marine publishing network","Conventional professional board with no normalized housing, meals, and pay triad; no map; and limited seasonal or place-led context","Own verified seasonal marina, coastal, and shoreside discovery while clearly separating licensed roles; require housing, meals, pay, duration, eligibility, and place context and support map browsing","https://www.maritimejobs.com/;https://www.maritimejobs.com/jobs;https://www.maritimejobs.com/pricing;https://www.maritimejobs.com/pages/terms;https://www.maritimejobs.com/pages/contactus","2026-07-12","95"
"Sea Career","https://www.seacareer.com/","Specialist seagoing, offshore, and maritime job board","Medium - global vessel and offshore work has travel appeal, but the core market is qualified professional seafaring rather than open-entry seasonal adventure work","Qualified seafarers, deck and engineering officers and ratings, offshore workers, and senior shore-based maritime professionals","Vetted shipowners, maritime employers, and recruiters hiring for covered vessel and offshore sectors","Worldwide reach; UK-operated with a visible European and UK orientation in public audience statistics","Paid 30-day job advertising, applications saved or emailed or redirected to an external ATS, candidate database and CV search, job credits, and a public company directory","Medium - company pages can show a logo, country, overview, and current jobs, but profiles are secondary to rank, vessel, and recruiter taxonomies","Partial - housing can appear within employer-authored job text, but no standardized housing field or filter is evidenced","Partial - meals can appear within employer-authored job text, but no standardized meals field or filter is evidenced","Partial - a structured salary value appears on some public job pages, but compensation is not evidenced as universally required","No - taxonomy and search-led discovery","Public web discovery confirmed; no first-party native app found","Official pages state that recruiters are manually vetted and jobs manually checked; terms still require candidate judgment and do not guarantee every outcome","Yes - a Basic 30-day post is $85, Urgent is an additional $46, Featured is an additional $63, ten job credits start at $660, and an $815 annual unlimited promotion was shown through July 14, 2026; prices exclude VAT","Strong rank, credential, vessel, and offshore taxonomy; explicit recruiter gatekeeping; global reach; candidate search; and transparent recruiter pricing","Deliberately professional and credential-heavy; housing, meals, and pay are not normalized; there is no map or rich lived-experience layer","Create a distinct seasonal marina and coastal lane while using explicit credential badges for professional roles; normalize housing, meals, pay, season, place, and eligibility","https://www.seacareer.com/;https://www.seacareer.com/about-us/;https://www.seacareer.com/recruiters/;https://www.seacareer.com/terms-conditions/;https://www.seacareer.com/contact/","2026-07-12","97"
"gCaptain Jobs","https://jobsite.gcaptain.com/","Maritime news and community brand with a linked career-center endpoint currently in maintenance","Unknown for the current product - gCaptain historically addresses professional maritime and offshore careers, but the current public job experience could not be evaluated","Maritime and offshore professionals within gCaptain's editorial audience","Unknown for the current career-center product; maritime employers and recruiters are the likely customer, but this was not verifiable","gCaptain's editorial audience is global; current job-board geography is unknown because the endpoint is unavailable","Unknown - gCaptain's current Jobs and Careers link resolves to a maintenance page","Unknown - the current career center is unavailable","Unknown - the current career center is unavailable","Unknown - the current career center is unavailable","Unknown - the current career center is unavailable","Unknown - the current career center is unavailable","Unknown - the current career center is unavailable","gCaptain is an established editorial brand, but no current vacancy-vetting, employer-verification, or application workflow is publicly evaluable","No current public job-post price found; the career-center endpoint is in maintenance","A large, highly relevant maritime editorial audience could provide strong distribution if the career center returns","Current public discovery is unavailable and the active product, metadata, pricing, and trust workflow cannot be verified","Offer a live, accessible marketplace with explicit role status, employer verification, place context, living terms, and clear credential or eligibility gates","https://gcaptain.com/;https://gcaptain.com/jobs/;https://jobsite.gcaptain.com/","2026-07-12","88"
"Crewseekers","https://www.crewseekers.net/","Yacht-crew introduction marketplace spanning amateur passages and professional sailing work","High - route-based sailing, mile-building, deliveries, ocean passages, and professional yacht work align closely with adventure discovery","Aspiring, amateur, and professional yacht crew across a wide range of experience levels","Crew members are paying customers; yacht owners and skippers supply opportunities and can buy promotion; commercial providers can buy directory placement","Worldwide","Free public browsing; paid crew membership to contact owners; free owner registration and standard opportunity posting; paid promotion; and a separate commercial directory","Medium - boat and opportunity details plus crew profiles, qualifications, CVs, identity verification, and reviews; personal owner contact is gated and this is not a conventional employer brand profile","Partial - living aboard is intrinsic and accommodation constraints can be described, but no standardized housing field comparable to Explore&Earn is evidenced","Partial - onboard cost-sharing categories can encompass living costs, but meals are not a separate standardized field","Yes at status level - each opportunity uses a financial-arrangement category distinguishing paid positions, working passages, and contribution models; exact wage is not guaranteed","No - filter and list discovery rather than a map","Public web discovery confirmed; no first-party native app found","Opportunity review before publication, optional identity verification, qualification and CV upload, standardized financial categories, and constrained member reviews; owner-supplied information still requires member safety and suitability checks","Yes - single crew membership is £75 for 6 months, £99 for 12 months, or £135 for 18 months; standard owner posting is free, promotion is £30, and directory advertising is £50 per month; partner plans are also public","Closest reviewed analogue to adventure-led maritime discovery, with global routes, beginner-to-professional participation, peer profiles, and standardized economic-status categories","It is an introduction service rather than employment-only; paid work, cost-sharing, and working passages coexist, while housing, meals, and exact pay are not normalized","Keep the route and experience appeal but make employment, volunteer, exchange, and contribution models unmistakable; require verified host identity, legal-work classification, housing, meals, pay, and safety terms","https://www.crewseekers.net/;https://www.crewseekers.net/how-it-works/;https://www.crewseekers.net/memberships/;https://www.crewseekers.net/faqs/;https://www.crewseekers.net/terms/","2026-07-12","98"
"Dockwalk","https://www.dockwalk.com/jobs","Superyacht crew media, career guidance, training, regulation, and salary-reference publisher; an adjacent channel rather than a verified current public job board","Medium-high audience fit - superyacht crew life is inherently travel-linked, but direct public vacancy discovery was not confirmed","Superyacht captains, crew, engineers, managers, and aspiring yacht professionals","Industry advertisers including yachting suppliers, training providers, agencies, and service businesses","Global superyacht hubs, with physical and digital distribution in major yachting centers","Editorial articles, career and training guidance, magazine, newsletters, and advertising; the public Jobs route behaves as a content vertical and is anti-bot gated rather than a confirmable vacancy marketplace","Not applicable - no current public employer-profile or vacancy-marketplace layer was established","No - not a structured vacancy capability","No - not a structured vacancy capability","Not applicable for vacancies; compensation-oriented editorial exists, but it is not job-level disclosure","No","Public website, newsletters, and digital magazine confirmed; no current native job-discovery app found","Long-running specialist editorial brand and domain education; no public employer or vacancy vetting workflow is in scope","Partial - public 2026 advertising rates exist, but no current public job-listing product or employment-post price was verified","Deep superyacht audience credibility, career education, regulatory and training context, and distribution in major yachting hubs","Not a clearly functioning public job marketplace; lacks actionable openings, employer verification, standardized living terms, and map discovery","Combine Dockwalk-like education and audience relevance with verified openings, credential pathways, upfront living terms, and geographically browsable place profiles","https://www.dockwalk.com/jobs;https://www.dockwalk.com/jobs/training;https://news.dockwalk.com/newsletter_sign_up;https://cdn.dockwalk.com/files/2025/11/63c1d9e0-c0a9-11f0-b991-6bcd4ae3b893-Dockwalk-Media-Kit-2026.pdf;https://cdn.dockwalk.com/files/2025/08/9811c6c0-79c7-11f0-a906-c33bc4b6e446-Dockwalk-Rate-Card-2026.pdf","2026-07-12","86"
"WorkBoat","https://www.workboat.com/resources/jobs-marketplace","Employment classifieds and marketplace attached to North American commercial-maritime media","Medium-low - commercial marine, deck, shipyard, and vessel-operations work is place and water linked, but usually industrial or licensed rather than lifestyle-led seasonal work","North American commercial-maritime professionals, mariners, shipyard workers, and marine-operations candidates","Commercial marine employers and advertisers across vessel operations, shipyards, towing, dredging, offshore, passenger vessels, and marine services","Primarily the United States and North American commercial marine","Paid employment classifieds in Jobs and Marketplace, with online-only and print-plus-online package options and distribution through WorkBoat media and events","Low or unknown - the public index did not evidence full employer profiles beyond advertiser identity","Unknown - no structured housing capability was evidenced and listing-level content was not reproduced","Unknown - no structured meals capability was evidenced and listing-level content was not reproduced","Unknown - no consistent structured compensation capability was evidenced and listing-level content was not reproduced","No map capability evidenced","Public web discovery confirmed; no first-party native job-search app found","Long-running specialist media brand and paid advertising workflow provide sector context; no explicit public employment-ad vetting standard was found","Yes - the undated rate card linked from the current Place an Ad page shows $365 for online plus four job posts, $415 for one print ad plus one month online and four job posts, and $725 for two print ads plus two months online and eight job posts","Highly targeted U.S. commercial-marine audience and direct relevance to shipyards, deck, vessel operations, workboats, towing, offshore, and passenger vessels","Sparse public metadata and no evidence of normalized housing, meals, pay, rich employer profiles, a native app, or map-first exploration","Surface entry paths and local employers in the same ecosystem, then normalize seasonality, credentials, housing, meals, pay, place experience, and application status","https://www.workboat.com/resources/jobs-marketplace;https://www.workboat.com/place-an-ad;https://www.workboat.com/about;https://s3.divcom.com/www.workboat.com/images/dc2c64728ee7a4fe19f7f60800d7011e.jpg","2026-07-12","94"
"FlexJobs","https://www.flexjobs.com/","Curated remote, hybrid, part-time, freelance, and flexible-work marketplace with paid job-seeker access","Low-medium - flexible professional work can enable travel, but it is not inherently linked to a destination, local host, or adventure experience","Professional job seekers seeking remote, hybrid, part-time, freelance, or flexible-schedule work across more than 50 career categories","Job seekers purchasing access and vetted employers purchasing recruitment memberships","United States and global, with local, national, international, and work-from-anywhere targeting","Human-screened jobs and employers; paid job-seeker subscriptions; employer membership with unlimited posting and resume search; ATS and job-feed integrations; company research; and career tools","High - customized employer profiles can include company description, logo, stories, blog content, social links, and activity reporting; job seekers can research and follow companies","No - employer-provided housing is not a standard remote-job field","No - employer-provided meals are not a standard remote-job field","Partial - every role must offer hourly or salary compensation, but universal public salary display is not evidenced and full job access is membership-based","No - strong geographic filters but no place-based opportunity map","Yes - official iOS and Android apps with search, save, alerts, and cross-device account access","Human screening of every employer and job, legitimacy and reputation checks, rejection of scams, commission-only work, MLM, upfront fees, and non-current talent-pool posts, plus a job-seeker refund guarantee","yes — seeker access is $2.95 for 14 days then $23.95 every four weeks, $29.85 for three months, or $71.40 annually. The dedicated employer-pricing page lists $399 monthly, $859 quarterly, or $2,999 annually, while the employer FAQ still says monthly accounts start at $199; use the dedicated page and recheck before quoting.","Strongest reviewed trust and curation model, broad professional coverage, deep company research, sophisticated filters, career support, and native apps","Remote and flexible describe work arrangements rather than destinations; no standardized housing, meals, host community, season, or local exploration layer","Adopt FlexJobs-level human vetting while defining remote opportunities by relationship to place, duration, time zone, connectivity, visa eligibility, housing, meals, pay, and community","https://www.flexjobs.com/about;https://www.flexjobs.com/how-flexjobs-works;https://www.flexjobs.com/pricing;https://www.flexjobs.com/employer-pricing;https://www.flexjobs.com/employer-faq;https://www.flexjobs.com/job-search-app","2026-07-12","99"
"Remote OK","https://remoteok.com/","Global remote-work job board and worker directory with a strong technology and startup orientation","Medium - worldwide remote jobs support digital-nomad mobility, but the work is not tied to an employer-hosted destination or local adventure experience","Remote professionals, especially in software, engineering, design, operations, marketing, support, finance, and startups","Remote-first and remote-friendly employers buying postings, promotion, and candidate access","Worldwide with region and country restrictions and worldwide ranking preferences","Employer-paid 30-day postings, dynamic visibility add-ons, external applications, structured tags and benefits, worker directory, job-seeker premium, email distribution, and API, RSS, and JSON feeds","Medium - company identity, logo, domain-linked verification badge, links, and aggregated jobs; culture depth varies and is lighter than dedicated employer-profile products","No - housing is not a structured marketplace field","No - meals are not a structured marketplace field","Yes - the employer form requires an annualized compensation range and states that an estimate is shown if absent; public salary filtering is available","No - region and country filters without a map","Public web discovery confirmed; no first-party native app found","Real-job and no-MLM posting rules, domain-based verified badges, required compensation, anti-scam warnings, and advice to verify the employer domain; no universal human employer-screening standard is stated","Yes - official pages state that 30-day posts start at $299; pricing and add-ons are dynamic, posts auto-renew unless disabled, and bundle discounts are public","Global reach, structured salary and benefit metadata, location restrictions, worker profiles, and broad feed and API distribution","Remote is treated as a work arrangement; no destination relationship, employer-provided housing or meals, map, local community, or seasonality","Turn location independence into curated live-and-work destinations and hybrid opportunities with verified hosts, map browsing, connectivity and time-zone facts, duration, housing, meals, and pay","https://remoteok.com/;https://remoteok.com/hire-remotely;https://remoteok.com/buy-bundle;https://remoteok.com/workers;https://remoteok.com/legal","2026-07-12","97"
"We Work Remotely","https://weworkremotely.com/","Global remote-only professional job board and remote-work community","Low-medium - it can fund travel through remote work, but it does not make a physical destination, local host, season, or exploration experience the opportunity","Remote professional candidates across programming, product, design, support, sales, marketing, management, finance, and other categories","Remote-first and distributed employers buying job posts; job seekers can also buy enhanced subscriptions","Global, with country, region, and worldwide eligibility filters","Employer-paid 30-day listings, optional visibility upgrades and bundles, employer accounts, rich company profiles, external applications, free and paid job-seeker accounts, alerts, and integrations","High - company profiles can show headquarters, size, established year, industry, years remote, about, culture, benefits, hiring information, and current jobs","No - housing is not a structured remote-job field","No - meals are not a structured remote-job field","Partial - public listings and search support salary bands where supplied, but compensation is not universal","No - region, country, category, salary, and skill filters rather than a map","Public mobile-responsive web experience confirmed; no first-party native app found","Paid employer submissions, a no-scraping claim, active moderation and fraud reporting, community rules that remove scams and prohibited content, and company profiles; no universal human screening claim comparable to FlexJobs","Yes - employer posts are $299 for 30 days; job seekers can use Basic free, WWR Pro at $14.95 per month on a 12-month commitment, or TopAccess at $29.95 per month on a 12-month commitment","Large global remote audience, clear eligibility filters, rich company profiles, transparent employer pricing, and mature job-seeker workflows","Professional remote board rather than a work-and-travel marketplace; no housing, meals, destination verification, map, local immersion, or seasonality","Add a place-first layer for remote-capable seekers with verified live-and-work hosts, connectivity and time-zone facts, season and duration, housing, meals, pay, and map-led discovery","https://weworkremotely.com/remote-jobs;https://weworkremotely.com/post-a-remote-job;https://weworkremotely.com/frequently-asked-questions;https://weworkremotely.com/community-guidelines;https://weworkremotely.com/terms-and-conditions;https://weworkremotely.com/company/we-work-remotely","2026-07-12","98"
