"company_name","category","website","source_url","city","state","region","contact_name_if_public","contact_role_if_public","email_if_public","phone_if_public","contact_page","why_fit","likely_season","likely_housing","confidence_score","outreach_priority","verification_status","notes","last_checked_at"
"Three Rivers Resort","outdoor tourism operators","https://3riversresort.com/","https://3riversresort.com/our-story/","Almont","CO","Mountain West","Michelle Clark","Front Desk Manager","email@3riversresort.com","970-641-1303","https://3riversresort.com/our-staff/","Cabins, RV sites, restaurant, rafting, fishing, store, vehicles, and utilities create a broad seasonal staffing need.","Late spring through summer peak","Employee housing stated on official site — confirm availability","90","high","official_site_verified","PILOT_TARGET_RECOMMENDATION #1; not contacted and not partnered. CALL_READY_TOP_10 #1; internal recommendation, not contacted and not partnered. Official site says the resort has 120+ seasonal employees. Employee housing statement: https://3riversresort.com/lodging/long-term-housing/. Likely season is inferred; confirm dates and availability.","2026-07-12"
"Basin Harbor","seasonal resorts","https://www.basinharbor.com","https://www.basinharbor.com/contact-us/","Vergennes","VT","New England","","","stay@basinharbor.com","802-475-2311","https://www.basinharbor.com/contact-us/","Large Lake Champlain resort explicitly promotes summer work and operates lodging, dining, marina, recreation, and grounds functions.","Summer","Unknown — confirm with host","81","high","official_site_verified","CALL_READY_TOP_10 #2; internal recommendation, not contacted and not partnered. Official contact page explicitly describes a Vermont summer job; current openings, terms, and housing still require direct confirmation.","2026-07-12"
"Chautauqua Institution","seasonal work programs","https://www.chq.org","https://www.chq.org/employment/","Chautauqua","NY","Mid-Atlantic","","","employment@chq.org","","https://www.chq.org/employment/","Large summer assembly explicitly recruits seasonal staff across hospitality, venues, grounds, recreation, ticketing, and program operations.","Late June through August","Unknown — confirm with host","80","high","official_site_verified","CALL_READY_TOP_10 #3; internal recommendation, not contacted and not partnered. Official employment page states career and seasonal opportunities and publishes the 2026 Summer Assembly dates; availability must be confirmed.","2026-07-12"
"Farm & Wilderness Foundation","camps","https://www.farmandwilderness.org","https://www.farmandwilderness.org/contact-us","Plymouth","VT","New England","","","hiring@farmandwilderness.org","802-422-3761","https://www.farmandwilderness.org/contact-us","Multi-program residential camp on a large rural property needs counselors, outdoor staff, food service, farm, and facilities teams.","Summer","Unknown — confirm with host","81","high","official_site_verified","PILOT_TARGET_RECOMMENDATION #2; not contacted and not partnered. CALL_READY_TOP_10 #4; internal recommendation, not contacted and not partnered. Likely season is an inference from the summer-camp program; the official contact page publishes a dedicated hiring email.","2026-07-12"
"Gunstock Mountain Resort","seasonal resorts","https://www.gunstock.com","https://www.gunstock.com/contact/","Gilford","NH","New England","","","work@gunstock.com","603-293-4341","https://www.gunstock.com/contact/","Four-season mountain resort and campground offers operational roles across lifts, recreation, camping, guest services, and facilities.","Winter and summer peak seasons","Unknown — confirm with host","81","high","official_site_verified","CALL_READY_TOP_10 #5; internal recommendation, not contacted and not partnered. Likely season is an inference from the four-season operating model; the official contact page publishes a dedicated employment email.","2026-07-12"
"Snowbird","seasonal resorts","https://www.snowbird.com/","https://www.snowbird.com/contact/","Snowbird","UT","Mountain West","","Recruiting","employment@snowbird.com","801-947-8240","https://www.snowbird.com/contact/","Large mountain resort has direct recruiting contact and recurring needs across lifts, lodging, food, retail, guides, and facilities.","Winter ski season and summer activity season","Unknown — confirm with host","82","high","official_site_verified","CALL_READY_TOP_10 #6; internal recommendation, not contacted and not partnered. Likely season is inferred from official winter and summer operating contacts; confirm roles and dates with recruiting.","2026-07-12"
"Angel Fire Resort","seasonal resorts","https://www.angelfireresort.com/","https://www.angelfireresort.com/contact-us/","Angel Fire","NM","Southwest","","Human Resources","hr@angelfireresort.com","575-377-4227","https://www.angelfireresort.com/contact-us/","Four-season resort has a direct HR channel and operations across mountain activities, lodging, food, golf, and RV facilities.","Winter ski season and summer activity season","Unknown — confirm with host","82","high","official_site_verified","CALL_READY_TOP_10 #7; internal recommendation, not contacted and not partnered. Likely season is inferred from official four-season resort programs; confirm open roles, dates, and housing with HR.","2026-07-12"
"Redfish Lake Lodge","lodges","https://redfishlake.com/","https://redfishlake.com/contact-us/","Stanley","ID","Sawtooth Valley","Jeff Clegg","General Manager","jeff@redfishlake.com","208-774-3536","https://redfishlake.com/contact-us/","Remote lakeside lodge and marina combine accommodations, dining, waterfront recreation, events, and guest logistics.","Late spring–early fall peak","Unknown — confirm with host","73","high","official_site_verified","CALL_READY_TOP_10 #8; internal recommendation, not contacted and not partnered. Season inferred from alpine lakeside operations; confirm exact host dates. Human-resources email is also publicly listed on the source page.","2026-07-12"
"Roche Harbor Resort","marinas","https://www.rocheharbor.com/","https://www.rocheharbor.com/marina/","Friday Harbor","WA","San Juan Islands","Kevin Carlton","Harbormaster","marina@rocheharbor.com","800-586-3590","https://www.rocheharbor.com/marina/","Destination resort and working marina offer seasonal dock, lodging, dining, retail, grounds, and guest-service roles.","Summer marine-tourism peak","Unknown — confirm with host","90","high","official_site_verified","CALL_READY_TOP_10 #9; internal recommendation, not contacted and not partnered. Season inferred from marina operations and the official page's early-May to late-September colors schedule; confirm hiring window.","2026-07-12"
"Hana Farms","farms","https://www.hanafarms.com/","https://www.hanafarms.com/","Hana","HI","East Maui","","","customerservice@hanafarms.com","808-248-7371","https://www.hanafarms.com/","Remote tropical farm, bakery, market, and restaurant combine agriculture, food production, retail, and visitor service.","Year-round agriculture and tourism","Unknown — confirm with host","84","high","official_site_verified","PILOT_TARGET_RECOMMENDATION #3; not contacted and not partnered. CALL_READY_TOP_10 #10; internal recommendation, not contacted and not partnered. Season inferred from tropical agriculture and the official year-round weekly operating schedule; confirm exact host timing.","2026-07-12"
"Smoky Mountain River Rat","outdoor tourism operators","https://smokymtnriverrat.com","https://smokymtnriverrat.com/contact-us/","Townsend","TN","Southern Appalachians","","","","865-448-8888","https://smokymtnriverrat.com/contact-us/","Tubing and whitewater operator needs guest service, shuttle, river-base, equipment, and guide support during warm-weather demand.","Late spring through early fall","Unknown — confirm with host","79","high","official_site_verified","PRIORITY_OUTREACH_TOP_30. Likely season is an inference from river operations; official contact page explicitly links to summer-job information.","2026-07-12"
"Cajun Encounters Tour Company","outdoor tourism operators","https://www.cajunencounters.com","https://www.cajunencounters.com/","Slidell","LA","Gulf Coast","Jeff Rogers","Owner","info@cajunencounters.com","504-834-1770","https://www.cajunencounters.com/locations/55345-us-90","Swamp-tour operator needs captains and guides plus dock, shuttle, reservations, retail, maintenance, and guest-service support.","Year-round with spring and summer tourism peaks","Unknown — confirm with host","78","high","official_site_verified","PRIORITY_OUTREACH_TOP_30. Likely season is an inference from Louisiana tourism patterns; Jeff Rogers is identified publicly as owner on the official homepage.","2026-07-12"
"Wildwater Chattooga","outdoor tourism operators","https://wildwaterrafting.com","https://wildwaterrafting.com/contact-us/","Long Creek","SC","Southern Appalachians","Jack Wise","CEO","","864-647-9587","https://wildwaterrafting.com/contact-us/","Rafting, zipline, lodging, reservations, and base operations create guide, guest-service, transport, and site-support needs.","Spring through fall","Unknown — confirm with host","71","high","official_site_verified","PRIORITY_OUTREACH_TOP_30. Likely season is an inference from warm-season adventure operations; Jack Wise and the Chattooga manager number are public on the official page.","2026-07-12"
"Mohonk Mountain House","seasonal resorts","https://www.mohonk.com","https://www.mohonk.com/contact/","New Paltz","NY","Mid-Atlantic","","","hr@mohonk.com","845-255-1000","https://www.mohonk.com/contact/","Full-service mountain resort supports hospitality, recreation, spa, dining, transportation, grounds, and guest-experience roles.","Year-round with summer, foliage, and holiday peaks","Unknown — confirm with host","69","high","official_site_verified","PRIORITY_OUTREACH_TOP_30. Likely season is an inference from the resort's year-round operation; official contact page publishes a Human Resources email.","2026-07-12"
"The Mast Farm Inn","farms","https://www.themastfarminn.com","https://www.themastfarminn.com/map-and-directions","Valle Crucis","NC","Southern Appalachians","","Hiring contact","shay@mastfarminn.com","828-963-5857","https://www.themastfarminn.com/map-and-directions","Historic rural inn and restaurant can offer hands-on lodging, food-service, events, property, and guest-experience work.","Year-round with summer and foliage peaks","Unknown — confirm with host","85","high","official_site_verified","PRIORITY_OUTREACH_TOP_30. Likely season is an inference from mountain lodging demand; official page publicly invites resumes to the listed hiring email.","2026-07-12"
"Camp Friendship","camps","https://campfriendship.com","https://campfriendship.com/contact/","Palmyra","VA","Mid-Atlantic","","","info@campfriendship.com","434-589-8950","https://campfriendship.com/contact/","Residential and equestrian camp needs counselors, activity staff, riding support, food service, maintenance, and retreat operations.","Summer, with smaller spring and fall programs","Unknown — confirm with host","81","high","official_site_verified","PRIORITY_OUTREACH_TOP_30. Likely season is an inference from the official traditional, equestrian, and family-camp schedule; confirm hiring details directly.","2026-07-12"
"Colorado Mountain Ranch","camps","https://www.coloradomountainranch.com/","https://www.coloradomountainranch.com/copy-of-positions-dates","Boulder","CO","Mountain West","","","office@coloradomountainranch.com","303-442-4557","https://www.coloradomountainranch.com/copy-of-positions-dates","High-elevation summer camp hires activity, youth-program, equine, food, and site-support staff for a defined season.","Summer","Unknown — confirm with host","81","high","official_site_verified","PRIORITY_OUTREACH_TOP_30. Official page is hiring for summer 2026; housing is not treated as confirmed. Confirm dates, eligibility, and any lodging directly.","2026-07-12"
"Custer State Park Resort","seasonal resorts","https://www.custerresorts.com/","https://www.custerresorts.com/contact","Custer","SD","Northern Plains","","","","605-255-4772","https://www.custerresorts.com/contact","Multi-lodge state park concession has lodging, restaurants, stores, recreation, events, housekeeping, and remote facilities work.","Late April through mid-October peak","Unknown — confirm with host","79","high","official_site_verified","PRIORITY_OUTREACH_TOP_30. Likely season follows official lodge and restaurant operating dates; confirm hiring dates and housing with resort management.","2026-07-12"
"Flathead Lake Lodge","ranches","https://www.flatheadlakelodge.com/","https://www.flatheadlakelodge.com/contact/","Bigfork","MT","Northern Rockies","","","info@flatheadlakelodge.com","406-837-4391","https://www.flatheadlakelodge.com/contact/","Lakefront guest ranch has concentrated lodging, meal, horse, waterfront, and guest-program operations.","Early June through August peak","Unknown — confirm with host","81","high","official_site_verified","OFFICIAL_TIMING_EVIDENCE. PRIORITY_OUTREACH_TOP_30. Likely season follows the official family-season dates published on the site; confirm employment dates with host.","2026-07-12"
"CM Ranch","ranches","https://cmranch.com/","https://cmranch.com/contact/","Dubois","WY","Northern Rockies","","","stay@cmranch.com","307-455-2331","https://cmranch.com/contact/","Remote seasonal dude ranch has lodging, meals, horses, children's programming, maintenance, and guided fishing.","June through September","Unknown — confirm with host","81","high","official_site_verified","OFFICIAL_TIMING_EVIDENCE. PRIORITY_OUTREACH_TOP_30. Official contact page states the ranch season typically runs June through September; confirm employment dates with host.","2026-07-12"
"Los Poblanos Historic Inn & Organic Farm","farms","https://lospoblanos.com/","https://lospoblanos.com/contact","Los Ranchos de Albuquerque","NM","Southwest","Barb Swanson SPHR","Director of Human Resources","info@lospoblanos.com","505-938-2191","https://lospoblanos.com/contact","Farm hospitality enterprise integrates lodging, restaurant, agriculture, events, retail, production, and guest programming.","Year-round; summer lavender and event peak","Unknown — confirm with host","76","high","official_site_verified","PRIORITY_OUTREACH_TOP_30. Likely season is inferred from farm, hospitality, and event operations; official directory lists the HR director and phone.","2026-07-12"
"Gordon Lodge","seasonal resorts","https://gordonlodge.com/","https://gordonlodge.com/contact/","Baileys Harbor","WI","Great Lakes","","","glodge@gordonlodge.com","920-839-2331","https://gordonlodge.com/contact/","Door County waterfront resort has lodging, dining, weddings, recreation, housekeeping, and property operations.","Late spring through fall peak","Unknown — confirm with host","81","high","official_site_verified","PRIORITY_OUTREACH_TOP_30. Likely season is inferred from Door County resort operations; official contact form includes an employment inquiry path.","2026-07-12"
"Grand Canyon Railway & Hotel","seasonal resorts","https://www.thetrain.com/","https://www.thetrain.com/connect/contact/","Williams","AZ","Southwest","","","info-gcr@xanterra.com","928-635-4010","https://www.thetrain.com/connect/contact/","Integrated railway, hotel, RV park, food, retail, and guest-transport operation offers varied seasonal work pathways.","Year-round; summer and holiday peaks","Unknown — confirm with host","69","high","official_site_verified","PRIORITY_OUTREACH_TOP_30. Likely season is inferred from daily railway operations and holiday programming; confirm hiring window and worksite with host.","2026-07-12"
"Tordrillo Mountain Lodge","lodges","https://www.tordrillomountainlodge.com/","https://www.tordrillomountainlodge.com/contact-us/","Judd Lake","AK","Remote Southcentral Alaska","","","info@tordrillo.com","907-569-5588","https://www.tordrillomountainlodge.com/contact-us/","Fly-in backcountry lodge requires tightly integrated hospitality, activity, food, maintenance, and transport operations.","Winter and summer adventure seasons","Unknown — confirm with host","69","high","official_site_verified","PRIORITY_OUTREACH_TOP_30. Season inferred from the official package-date ranges published on the contact page; confirm placement timing.","2026-07-12"
"Alaska Wildland Adventures","lodges","https://www.alaskawildland.com/","https://www.alaskawildland.com/reservations/contact/","Girdwood","AK","Southcentral Alaska","Kirk Hoessle","President and CEO","info@alaska-wildland.com","800-334-8730","https://www.alaskawildland.com/reservations/contact/","Operates remote wilderness lodges and guided trips needing coordinated guest services, food service, guiding, and transport.","Late spring–early fall peak","Unknown — confirm with host","73","high","official_site_verified","PRIORITY_OUTREACH_TOP_30. Season inferred from lodge model and Alaska operating climate; confirm exact host timing. Leadership name is published at https://www.alaskawildland.com/about/.","2026-07-12"
"Gunstock Ranch","ranches","https://gunstockranch.com/","https://gunstockranch.com/contact/","Kahuku","HI","North Shore Oahu","Lilia","Sales and Marketing contact","lilia@gunstockranch.com","808-341-3995","https://gunstockranch.com/contact/","Working ranch and eco-tour operator combines livestock care, horseback activities, tours, events, sales, and land stewardship.","Year-round tourism and ranch operations","Unknown — confirm with host","73","high","official_site_verified","PRIORITY_OUTREACH_TOP_30. Season inferred from Hawaii ranch and tour operations; confirm exact host timing. The official contact page lists Lilia for groups, sales, and marketing.","2026-07-12"
"Schweitzer","seasonal resorts","https://www.schweitzer.com/","https://www.schweitzer.com/about-us/contact-us","Sandpoint","ID","Selkirk Mountains","","","jobs@schweitzer.com","208-263-9555","https://www.schweitzer.com/about-us/contact-us","Large mountain resort provides hospitality, lifts, recreation, rentals, retail, food, lodging, and facilities work across seasons.","Winter and summer peaks","Unknown — confirm with host","81","high","official_site_verified","PRIORITY_OUTREACH_TOP_30. Season inferred from official winter and summer mountain offerings; confirm exact placement dates.","2026-07-12"
"Westport Marina","marinas","https://www.portofgraysharbor.com/westport-marina","https://www.portofgraysharbor.com/westport-marina","Westport","WA","Pacific Coast","Molly Bold","General Manager, Westport Marina","mbold@portgrays.org","360-533-9562","https://www.portofgraysharbor.com/westport-marina","Major working-fishing marina offers exposure to vessel services, moorage, seafood-landings infrastructure, and visitor operations.","Summer and fisheries-cycle peaks","Unknown — confirm with host","78","high","official_site_verified","PRIORITY_OUTREACH_TOP_30. Season inferred from marine tourism and fishing cycles; confirm exact host need. Manager name and email are published at https://www.washingtonports.org/business-directory/port-of-grays-harbor/.","2026-07-12"
"Alaska Seafood Company","fisheries","https://alaskaseafoodcompany.com/","https://alaskaseafoodcompany.com/contact-us/","Juneau","AK","Southeast Alaska","","","info@alaskaseafoodcompany.com","907-780-5111","https://alaskaseafoodcompany.com/contact-us/","Cannery, smokehouse, retail, and wholesale operations offer varied production, packing, fulfillment, and customer-service exposure.","Year-round with seasonal seafood peaks","Unknown — confirm with host","74","high","official_site_verified","PRIORITY_OUTREACH_TOP_30. Season inferred from the official site's year-round operation statement and normal seafood cycles; confirm host demand.","2026-07-12"
"Camp Namanu","camps","https://www.campnamanu.com/","https://www.campnamanu.com/contact","Sandy","OR","Mount Hood foothills","","","info@campnamanu.com","","https://www.campnamanu.com/contact","Large outdoor camp can host structured experience in youth programming, food, facilities, environmental learning, and site logistics.","Summer camp peak","Unknown — confirm with host","65","high","official_site_verified","PRIORITY_OUTREACH_TOP_30. Season inferred from camp operations; confirm current program dates and host capacity.","2026-07-12"
"Bud N' Mary's Fishing Marina","marinas","https://www.budnmarys.com","https://www.budnmarys.com/contact-us/","Islamorada","FL","Florida Keys","","","tackleshop@budnmarys.com","305-664-2461","https://www.budnmarys.com/contact-us/","Busy fishing marina combines charter coordination, dock and tackle operations, lodging, events, and customer service.","Year-round with winter and spring fishing peaks","Unknown — confirm with host","74","medium","official_site_verified","Likely season is an inference from Florida Keys fishing demand; the email is publicly designated for general inquiries, not reservations.","2026-07-12"
"Rancho de la Osa","ranches","https://www.ranchodelaosa.com/","https://www.ranchodelaosa.com/employment","Sasabe","AZ","Southwest","","","info@ranchodelaosa.com","520-339-1086","https://www.ranchodelaosa.com/employment","Very remote guest ranch directly invites employment inquiries and needs lodging, food, housekeeping, equine, and guest-activity support.","Fall through spring peak","Unknown — confirm with host","81","medium","official_site_verified","Likely season is inferred from desert guest-ranch operations; official employment page invites resumes but does not confirm housing.","2026-07-12"
"Cheeca Lodge & Spa","seasonal resorts","https://www.cheeca.com","https://www.cheeca.com/contact","Islamorada","FL","Florida Keys","","","info@cheeca.com","305-664-4651","https://www.cheeca.com/contact","Oceanfront resort integrates lodging, dining, marina, watersports, fishing, spa, grounds, and guest adventures.","Year-round with winter and holiday peaks","Unknown — confirm with host","69","medium","official_site_verified","Likely season is an inference from Florida Keys demand patterns; no employee-housing statement was found on the cited official page.","2026-07-12"
"Clearwater Historic Lodge & Canoe Outfitters","outdoor tourism operators","https://clearwaterhistoriclodge.com/","https://clearwaterhistoriclodge.com/aboutus/contact_directions/","Grand Marais","MN","Upper Midwest","","","info@clearwaterhistoriclodge.com","218-388-2254","https://clearwaterhistoriclodge.com/aboutus/contact_directions/","Remote BWCA lodge and outfitter needs guest service, cabin, store, rental, trip-prep, and property support.","Early May through early October","Unknown — confirm with host","81","medium","official_site_verified","OFFICIAL_TIMING_EVIDENCE. Official contact page states the public lodge is generally closed from early October to early May; confirm employment dates with host.","2026-07-12"
"Grand Hotel","seasonal resorts","https://www.grandhotel.com/","https://www.grandhotel.com/our-story/contact-us/","Mackinac Island","MI","Great Lakes","","","","906-847-3331","https://www.grandhotel.com/our-story/contact-us/","Car-free island resort requires a large coordinated team across rooms, dining, events, retail, gardens, transport, and maintenance.","May through October","Unknown — confirm with host","74","medium","official_site_verified","Likely season is inferred from the official description as a summer hotel; confirm employment dates and housing directly.","2026-07-12"
"Graves Mountain Farm & Lodges","farms","https://gravesmountain.com","https://gravesmountain.com/about/contact-us/","Syria","VA","Mid-Atlantic","","","info@gravesmountain.com","540-923-4231","https://gravesmountain.com/about/contact-us/","Working farm, lodges, cabins, campground, restaurant, market, stables, trails, and events create diverse rural host functions.","Spring through fall, with reduced winter operations","Unknown — confirm with host","84","medium","official_site_verified","Likely season is inferred from the official operating schedule and farm-resort model; current roles and dates must be confirmed.","2026-07-12"
"Grosse Savanne Lodge","lodges","https://www.grossesavanne.com","https://www.grossesavanne.com/contact-us","Lake Charles","LA","Gulf Coast","","","info@grossesavanne.com","337-598-2357","https://www.grossesavanne.com/contact-us","Remote sporting lodge on working wetlands and agricultural land combines lodging, meals, fishing, hunting, guiding, and property support.","Fall through spring, with fishing activity year-round","Unknown — confirm with host","74","medium","official_site_verified","Likely season is an inference from Gulf Coast hunting and fishing cycles; current roles and any remote-site logistics must be confirmed.","2026-07-12"
"Lake Powell Resorts & Marinas","marinas","https://www.lakepowell.com/","https://www.lakepowell.com/contact-us","Page","AZ","Southwest","","","","928-645-2433","https://www.lakepowell.com/contact-us","Remote marina resort spans lodging, boat rentals, docks, fuel, maintenance, food service, retail, and customer support.","Spring through fall; summer peak","Unknown — confirm with host","67","medium","official_site_verified","Likely season is inferred from official lake and boating operations; confirm role location, dates, and housing directly.","2026-07-12"
"Nantahala Outdoor Center","outdoor tourism operators","https://noc.com","https://noc.com/contact-us/","Bryson City","NC","Southern Appalachians","","","","828-785-5082","https://noc.com/contact-us/","Major rafting and outdoor-adventure operator combines guiding, lodging, retail, food service, reservations, and river-base operations.","Spring through fall","Unknown — confirm with host","62","medium","official_site_verified","Likely season is an inference from warm-season river operations; current roles, certifications, and work dates must be confirmed.","2026-07-12"
"Rock Harbor Lodge","lodges","https://www.rockharborlodge.com/","https://www.rockharborlodge.com/contact-us/","Houghton","MI","Great Lakes","","","","877-841-1064","https://www.rockharborlodge.com/contact-us/","Boat-access national park lodge has remote lodging, dining, store, marina, rental, housekeeping, and supply-chain needs.","Late spring through early fall","Unknown — confirm with host","74","medium","official_site_verified","Likely season is inferred from the official summer-season designation; Houghton is the published mailing city and operations are on Isle Royale.","2026-07-12"
"YMCA Camp Greenville","camps","https://www.campgreenville.org","https://www.campgreenville.org/contact","Cleveland","SC","Southern Appalachians","","","","864-836-3291","https://www.campgreenville.org/contact","Large mountain camp and retreat property offers residential camp, adventure, food-service, facilities, and event operations.","Summer, with shoulder-season retreats and events","Unknown — confirm with host","79","medium","official_site_verified","Likely season is an inference from the official summer-camp and retreat model; current openings and employment terms must be confirmed.","2026-07-12"
"YMCA Camp Sea Gull and Camp Seafarer","camps","https://www.seagull-seafarer.org","https://live.seagull-seafarer.org/about/contact-us","Arapahoe","NC","Southeast Coast","","","RegistrationOffice@YMCATriangle.org","252-249-1212","https://live.seagull-seafarer.org/about/contact-us","Two large waterfront residential camps require counselors, seamanship and activity staff, kitchen, health, office, and facilities teams.","Summer, with spring and fall family programs","Unknown — confirm with host","69","medium","official_site_verified","Likely season is inferred from official camp calendars; the public contact information is for the combined camp office.","2026-07-12"
"Adirondack Camp","camps","https://www.adirondackcamp.com","https://www.adirondackcamp.com/contact-us","Putnam Station","NY","Mid-Atlantic","","","info@adirondackcamp.com","518-547-8261","https://www.adirondackcamp.com/contact-us","Residential lake camp can offer outdoor instruction, waterfront, kitchen, maintenance, and camper-support work in a remote setting.","Summer","Unknown — confirm with host","69","medium","official_site_verified","Likely season is an inference from the summer-camp model; confirm current staffing needs and any employment conditions directly.","2026-07-12"
"Dillman's Bay Resort","seasonal resorts","https://www.dillmans.com/","https://www.dillmans.com/bay/contact-us/","Lac du Flambeau","WI","Upper Midwest","","","frontdesk@dillmans.com","715-588-3143","https://www.dillmans.com/bay/contact-us/","Northwoods resort combines cabins, motel rooms, workshops, marina rentals, events, food service, and grounds.","May through October peak","Unknown — confirm with host","69","medium","official_site_verified","Likely season is inferred from official workshop dates and lake-resort operations; confirm hiring window with host.","2026-07-12"
"Gunflint Lodge & Outfitters","outdoor tourism operators","https://gunflint.com/","https://gunflint.com/contact-us/","Grand Marais","MN","Upper Midwest","","","info@gunflint.com","800-328-3325","https://gunflint.com/contact-us/","Remote wilderness lodge combines cabins, restaurant, canoe outfitting, fishing, boats, guiding, and winter recreation.","Summer wilderness and winter recreation seasons","Unknown — confirm with host","81","medium","official_site_verified","Likely season is inferred from official summer and winter activities; confirm employment dates and housing with host.","2026-07-12"
"Hawks Cay Resort","seasonal resorts","https://www.hawkscayresort.com","https://www.hawkscayresort.com/","Duck Key","FL","Florida Keys","","","","305-743-7000","https://www.hawkscayresort.com/","Large island resort and marina supports lodging, food service, watersports, fishing, recreation, spa, grounds, and events.","Year-round with winter and holiday peaks","Unknown — confirm with host","62","medium","official_site_verified","Likely season is an inference from Florida Keys travel patterns; official homepage verifies location and public resort phone.","2026-07-12"
"Island Queen Ferry","outdoor tourism operators","https://islandqueen.com","https://islandqueen.com/about/contact/","Falmouth","MA","New England","","","","508-548-4800","https://islandqueen.com/about/contact/","Passenger ferry requires dock, ticketing, vessel, parking, reservations, and guest-flow support during the Cape Cod travel season.","Late spring through early fall","Unknown — confirm with host","67","medium","official_site_verified","Likely season is an inference from the ferry's seasonal tourism route; exact operating and hiring dates must be confirmed.","2026-07-12"
"Kualoa Ranch","ranches","https://www.kualoa.com/","https://www.kualoa.com/contact-and-direction","Kaneohe","HI","Windward Oahu","","","reservation@kualoa.com","808-237-7321","https://www.kualoa.com/contact-and-direction","Large working ranch and visitor attraction combines agriculture, livestock, tours, food, transport, grounds, and guest operations.","Year-round tourism","Unknown — confirm with host","69","medium","official_site_verified","Season inferred from Hawaii's year-round visitor economy and ranch operations; confirm exact host timing. Email is displayed at https://www.kualoa.com/faq.","2026-07-12"
"Mission Point Resort","seasonal resorts","https://www.missionpoint.com/","https://www.missionpoint.com/contact-us","Mackinac Island","MI","Great Lakes","","","","800-833-7711","https://www.missionpoint.com/contact-us","Island resort operates hundreds of rooms, multiple food outlets, events, recreation, spa, grounds, and luggage logistics.","Late April through October","Unknown — confirm with host","74","medium","official_site_verified","Likely season is inferred from official published island operating dates; confirm employment dates and housing with host.","2026-07-12"
"Rockywold-Deephaven Camps","seasonal resorts","https://rdcsquam.com","https://rdcsquam.com/contact-rdc/","Holderness","NH","New England","","","rdc@rdcsquam.com","603-968-3313","https://rdcsquam.com/contact-rdc/","Squam Lake cottage-and-lodge operation has hospitality, housekeeping, grounds, waterfront, maintenance, and retail functions.","Late spring through early fall","Unknown — confirm with host","69","medium","official_site_verified","Likely season is an inference from the summer-camp resort format; official contact page publicly lists multiple operating departments.","2026-07-12"
"Seven Springs Mountain Resort","seasonal resorts","https://www.7springs.com","https://www.7springs.com/explore-the-resort/about-the-resort/guest-services.aspx","Seven Springs","PA","Mid-Atlantic","","","7springsinfo@vailresorts.com","814-352-7777","https://www.7springs.com/explore-the-resort/about-the-resort/guest-services.aspx","Large mountain resort has lodging, snow sports, summer recreation, dining, retail, facilities, and guest-service operations.","Winter and summer peak seasons","Unknown — confirm with host","69","medium","official_site_verified","Likely season is an inference from winter and summer resort offerings; current hiring channel and openings must be confirmed.","2026-07-12"
"The Bar W Guest Ranch","ranches","https://thebarw.com/","https://thebarw.com/contact","Whitefish","MT","Northern Rockies","","","info@thebarw.com","406-863-9099","https://thebarw.com/contact","Full-service guest ranch needs cross-functional hospitality and equine teams during high-touch guest stays.","May through October peak","Unknown — confirm with host","69","medium","official_site_verified","Likely season is inferred from official trail-ride dates and guest-ranch operations; confirm hiring window with host.","2026-07-12"
"Timberline Lodge","seasonal resorts","https://www.timberlinelodge.com/","https://timberlinelodge.com/contact-us/","Government Camp","OR","Mount Hood","John Burton","Director of Marketing & Public Affairs","","503-272-3311","https://timberlinelodge.com/contact-us/","Historic mountain lodge and ski area support hospitality, food, recreation, retail, maintenance, and guest-services learning.","Year-round with winter and summer peaks","Unknown — confirm with host","78","medium","official_site_verified","Season inferred from the official site's year-round lodge, ski, bike, and summer-snow operations; confirm exact placement timing.","2026-07-12"
"Vee Bar Guest Ranch","ranches","https://veebar.com/","https://veebar.com/vee-bar-guest-ranch-contact-info/","Laramie","WY","Northern Rockies","","","veebar@veebar.com","307-745-7036","https://veebar.com/vee-bar-guest-ranch-contact-info/","Guest ranch supports lodging, dining, equine activities, fishing, events, and ranch maintenance.","Summer peak with smaller winter programs","Unknown — confirm with host","81","medium","official_site_verified","Likely season is inferred from official summer guest-ranch and winter getaway pages; confirm hiring window with host.","2026-07-12"
"Wequassett Resort and Golf Club","seasonal resorts","https://wequassett.com","https://wequassett.com/contact-us/","Harwich","MA","New England","Nancy Covell","Sales","","508-430-3111","https://wequassett.com/contact-us/","Cape Cod resort combines lodging, multiple restaurants, golf, waterfront activities, events, and extensive guest services.","Late spring through early fall","Unknown — confirm with host","71","medium","official_site_verified","Likely season is an inference from Cape Cod resort demand; Nancy Covell and the sales number are publicly listed on the official contact page.","2026-07-12"
"Bar Harbor Whale Watch Co.","outdoor tourism operators","https://www.barharborwhales.com","https://www.barharborwhales.com/contact-us/","Bar Harbor","ME","New England","","","info@barharborwhales.com","207-288-2386","https://www.barharborwhales.com/contact-us/","High-volume coastal excursion operator likely needs vessel, ticketing, reservations, and guest-service support during peak visitation.","May through October","Unknown — confirm with host","81","medium","official_site_verified","Likely season is an inference from the official FAQ's May ticket-office opening and peak summer demand; confirm exact work period.","2026-07-12"
"Blackberry Farm","farms","https://www.blackberryfarm.com","https://www.blackberryfarm.com/media","Walland","TN","Southern Appalachians","","","marketing@blackberryfarm.com","865-984-8166","https://www.blackberryfarm.com/media","Large farm resort blends luxury lodging, culinary production, outdoor recreation, equestrian, events, grounds, and guest services.","Year-round with spring, fall, and holiday peaks","Unknown — confirm with host","77","medium","official_site_verified","Likely season is an inference from the year-round farm-resort model; marketing email and front-desk phone are public on the official page.","2026-07-12"
"C Lazy U Ranch","ranches","https://www.clazyu.com/","https://www.clazyu.com/contact-us/","Granby","CO","Mountain West","","","","970-887-3344","https://www.clazyu.com/contact-us/","Large all-inclusive ranch operation spans cabins, food service, horses, recreation, events, and guest transport.","Year-round with summer and winter peaks","Unknown — confirm with host","74","medium","official_site_verified","Likely season is inferred from official summer hours and year-round ranch programming; confirm hiring window with host.","2026-07-12"
"Camp Chewonki","camps","https://camp.chewonki.org","https://camp.chewonki.org/staff/contact-us/","Wiscasset","ME","New England","","","camp@chewonki.org","207-656-1170","https://camp.chewonki.org/staff/contact-us/","Residential summer camp combines outdoor programs, farm systems, waterfront activity, food service, and facilities work.","Summer","Unknown — confirm with host","81","medium","official_site_verified","Likely season is an inference from the official page's summer-season contact structure; current staffing needs must be confirmed.","2026-07-12"
"Chincoteague Bay RV Resort & Cottages","campgrounds","https://chincoteaguebayrvresort.com","https://chincoteaguebayrvresort.com/about/","Chincoteague","VA","Mid-Atlantic","","","","757-336-6060","https://chincoteaguebayrvresort.com/about/","Waterfront RV resort and cottages operation needs guest services, grounds, housekeeping, maintenance, and recreation support in a seasonal market.","Spring through early fall","Unknown — confirm with host","65","medium","official_site_verified","Likely season is an inference from Chincoteague's coastal camping cycle; official page verifies resort location and phone.","2026-07-12"
"Georgia Mountain Fairgrounds","campgrounds","https://georgiamountainfairgrounds.com","https://georgiamountainfairgrounds.com/","Hiawassee","GA","Southern Appalachians","","","","706-896-4191","https://georgiamountainfairgrounds.com/pageserver/help","Fairgrounds with a large campground, concerts, fairs, festivals, gardens, and facilities can need seasonal event and site operations support.","Spring through fall, with event peaks","Unknown — confirm with host","70","medium","official_site_verified","Likely season is an inference from the official event calendar and campground model; confirm whether paid host roles are available.","2026-07-12"
"Holo Holo Charters","outdoor tourism operators","https://www.holoholokauaiboattours.com/","https://www.holoholokauaiboattours.com/m/contact-us/","Eleele","HI","Kauai","","","reservations@holoholocharters.com","808-335-0815","https://www.holoholokauaiboattours.com/m/contact-us/","Marine-tour operator offers experience in reservations, vessel turnaround, guest safety, interpretation, and tour logistics.","Year-round with seasonal marine demand","Unknown — confirm with host","69","medium","official_site_verified","Season inferred from daily marine-tour operations and island demand patterns; confirm exact host timing.","2026-07-12"
"Idaho Rocky Mountain Ranch","ranches","https://idahorocky.com/","https://idahorocky.com/contact/","Stanley","ID","Sawtooth Valley","","","info@idahorocky.com","208-725-3000","https://idahorocky.com/contact/","Remote historic ranch offers lodging, dining, horseback and outdoor activities, grounds, and high-touch guest service.","Summer peak","Unknown — confirm with host","69","medium","official_site_verified","Season inferred from alpine guest-ranch operations; confirm exact host timing.","2026-07-12"
"Kona Village, A Rosewood Resort","lodges","https://www.rosewoodhotels.com/en/kona-village","https://www.rosewoodhotels.com/en/kona-village/contact","Kailua-Kona","HI","Kona Coast, Hawaii Island","","","konavillage.concierge@rosewoodhotels.com","808-865-0100","https://www.rosewoodhotels.com/en/kona-village/contact","Remote-style coastal resort supports lodging, food and beverage, cultural and ocean activities, wellness, grounds, and guest service.","Year-round tourism","Unknown — confirm with host","69","medium","official_site_verified","Season inferred from Hawaii's year-round resort market; confirm exact host timing and outreach route.","2026-07-12"
"Paws Up Montana","ranches","https://www.pawsup.com/","https://www.pawsup.com/contact-us/","Greenough","MT","Northern Rockies","","","info@pawsup.com","800-210-6445","https://www.pawsup.com/contact-us/","Large remote ranch resort combines lodging, dining, activities, events, and outdoor guiding in one operation.","Year-round; summer glamping peak","Unknown — confirm with host","81","medium","official_site_verified","Likely season is inferred from published year-round activities and seasonal glamping; confirm hiring window with host.","2026-07-12"
"River Dance Lodge","outdoor tourism operators","https://www.riverdancelodge.com/","https://www.riverdancelodge.com/about-resort","Kooskia","ID","Clearwater region","","","info@riverdancelodge.com","208-770-2517","https://www.riverdancelodge.com/about-resort","Adventure lodge and rafting operator combine cabins, food, guest services, guiding, and remote-trip coordination.","May–September peak","Unknown — confirm with host","69","medium","official_site_verified","Season inferred from the official page's May-to-September lodge contact note and river-adventure model; confirm exact placement dates.","2026-07-12"
"Tamarack Resort","seasonal resorts","https://tamarackidaho.com/","https://tamarackidaho.com/about/contact-us","Tamarack","ID","West Central Idaho","","","info@tamarackidaho.com","208-325-1000","https://tamarackidaho.com/about/contact-us","Four-season resort combines mountain operations, lodging, rentals, sports school, retail, patrol, and outdoor activities.","Winter and summer peaks","Unknown — confirm with host","69","medium","official_site_verified","Season inferred from mountain-resort operations; confirm exact host timing.","2026-07-12"
"Tanque Verde Ranch","ranches","https://www.tanqueverderanch.com/","https://www.tanqueverderanch.com/contact","Tucson","AZ","Southwest","","","tvgr@cotefamily.com","520-296-6275","https://www.tanqueverderanch.com/contact","Large desert ranch resort combines lodging, dining, equine programs, spa, events, and outdoor activities.","Year-round; cooler-month peak","Unknown — confirm with host","69","medium","official_site_verified","Likely season is inferred from desert climate and published ranch operations; confirm hiring window with host.","2026-07-12"
"The Retreat at Silvies Valley Ranch","ranches","https://silviesvalleyranch.com/","https://silviesvalleyranch.com/silviesus/about.php","Seneca","OR","Eastern Oregon","","","info@silvies.us","541-573-5150","https://silviesvalleyranch.com/silviesus/about.php","Remote working ranch and resort combine livestock, lodging, food, recreation, golf, grounds, and guest-service operations.","Year-round with summer peak","Unknown — confirm with host","69","medium","official_site_verified","Season inferred from ranch, resort, and outdoor-recreation operations; confirm exact host timing.","2026-07-12"
"Theodore Roosevelt Medora Foundation / Medora","outdoor tourism operators","https://medora.com/","https://medora.com/contact-us/","Medora","ND","Northern Plains","","","","701-623-4444","https://medora.com/contact-us/","Destination nonprofit operates lodging, dining, live entertainment, attractions, golf, retail, and visitor services in a seasonal tourism town.","Late spring through summer peak","Unknown — confirm with host","67","medium","official_site_verified","Likely season is inferred from Medora's published visitor and entertainment operations; confirm employment dates and housing with the foundation.","2026-07-12"
"Woodloch Pines Resort","seasonal resorts","https://www.woodloch.com","https://www.woodloch.com/contact-us/","Hawley","PA","Mid-Atlantic","","","","570-685-8000","https://www.woodloch.com/contact-us/","All-inclusive resort has lodging, dining, recreation, events, golf, spa, housekeeping, and facilities operations at meaningful scale.","Year-round with summer and holiday peaks","Unknown — confirm with host","62","medium","official_site_verified","Likely season is an inference from the year-round resort model; official page lists Human Resources by phone menu but no general HR email.","2026-07-12"
"Zion Ponderosa Ranch Resort","ranches","https://www.zionponderosa.com/","https://www.zionponderosa.com/about/contact/","Orderville","UT","Mountain West","","","","435-648-2700","https://www.zionponderosa.com/about/contact/","Remote multi-lodging ranch resort near Zion also operates activities, food service, events, and property services.","Spring through fall peak","Unknown — confirm with host","62","medium","official_site_verified","Likely season is inferred from official lodging and outdoor-adventure operations; confirm hiring window with host.","2026-07-12"
"Alderbrook Resort & Spa","lodges","https://www.alderbrookresort.com/","https://www.alderbrookresort.com/contact-and-location","Union","WA","Hood Canal","","","reservations@alderbrookresort.com","360-898-2200","https://www.alderbrookresort.com/contact-and-location","Waterfront resort combines hotel, restaurant, spa, events, grounds, and marine-adjacent guest operations.","Year-round with summer peak","Unknown — confirm with host","69","medium","official_site_verified","Season inferred from coastal resort demand patterns; confirm exact host timing.","2026-07-12"
"Brasada Ranch","ranches","https://www.brasada.com/","https://www.brasada.com/contact-us","Powell Butte","OR","Central Oregon High Desert","","","experience@brasada.com","866-373-4882","https://www.brasada.com/contact-us","Destination ranch integrates lodging, dining, equestrian activities, golf, spa, events, grounds, and guest experiences.","Year-round with summer peak","Unknown — confirm with host","69","medium","official_site_verified","Season inferred from destination-ranch demand and outdoor activities; confirm exact host timing.","2026-07-12"
"Camp Saginaw","camps","https://www.campsaginaw.com","https://www.campsaginaw.com/contact-us","Oxford","PA","Mid-Atlantic","","","","888-477-2267","https://www.campsaginaw.com/contact-us","Residential summer camp can support counselor, activity, waterfront, food-service, housekeeping, and property roles.","Summer","Unknown — confirm with host","74","medium","official_site_verified","Likely season is an inference from the official summer-camp identity; employment availability and conditions require direct confirmation.","2026-07-12"
"Copper River Seafoods","fisheries","https://www.copperriverseafoods.com/","https://www.copperriverseafoods.com/contact-us/","Anchorage","AK","Statewide Alaska operations","","","","907-522-7806","https://www.copperriverseafoods.com/contact-us/","Multiple Alaska plants and logistics locations create exposure to processing, quality, cold storage, and distribution work.","Summer salmon-harvest peak","Unknown — confirm with host","67","medium","official_site_verified","Season inferred from Alaska salmon harvest cycles; confirm exact plant, dates, and host capacity. Official page lists Anchorage, Cordova, Naknek, Togiak, and Kotzebue locations.","2026-07-12"
"Hawaii Forest & Trail","outdoor tourism operators","https://hawaii-forest.com/","https://hawaii-forest.com/locations/hawaii-forest-trail-kailua-kona/","Kailua-Kona","HI","Hawaii Island","","","","808-331-8505","https://hawaii-forest.com/locations/hawaii-forest-trail-kailua-kona/","Nature-tour company can provide structured exposure to guiding, interpretation, trip preparation, vehicle logistics, and guest service.","Year-round tourism","Unknown — confirm with host","62","medium","official_site_verified","Season inferred from Hawaii's year-round tour market; confirm exact host timing and operational department.","2026-07-12"
"High Country Guest Ranch","ranches","https://highcountryranch.com/","https://highcountryranch.com/contact-us/","Hill City","SD","Northern Plains","","","","605-574-9003","https://highcountryranch.com/contact-us/","Black Hills guest ranch combines cabins, camping, trail rides, events, rentals, animal care, and property services.","May through September peak","Unknown — confirm with host","79","medium","official_site_verified","Likely season is inferred from the affiliated official trail-riding site's May-September schedule; confirm all employment details with the ranch.","2026-07-12"
"Red Cliffs Lodge","lodges","https://www.redcliffslodge.com/","https://www.redcliffslodge.com/moab/contact/","Moab","UT","Mountain West","","","","435-259-2002","https://www.redcliffslodge.com/moab/contact/","Remote Colorado River lodge combines rooms, cabins, food service, activities, events, grounds, and guest transport.","Spring through fall peak","Unknown — confirm with host","62","medium","official_site_verified","Likely season is inferred from Moab tourism patterns and published lodge activities; confirm hiring window with host.","2026-07-12"
"Sorrel River Ranch Resort & Spa","ranches","https://www.sorrelriver.com/","https://www.sorrelriver.com/the-resort/","Moab","UT","Mountain West","","","stay@sorrelriver.com","435-259-4642","https://www.sorrelriver.com/the-resort/","Working-ranch resort supports lodging, dining, spa, stables, garden, events, and guided desert experiences.","Spring through fall peak","Unknown — confirm with host","81","medium","official_site_verified","Likely season is inferred from Moab climate and official resort activities; confirm hiring window with host.","2026-07-12"
"Vermejo, a Ted Turner Reserve","ranches","https://vermejo.tedturnerreserves.com/","https://tedturnerreserves.com/contact-us","Raton","NM","Southwest","","Reserve Ambassadors","","877-288-7637","https://tedturnerreserves.com/contact-us","Extremely remote conservation ranch operates lodges, culinary service, guided wildlife and fishing experiences, and property logistics.","Spring through fall peak with select winter events","Unknown — confirm with host","75","medium","official_site_verified","Likely season is inferred from official event and fishing-camp dates; confirm employment window and housing with host.","2026-07-12"
"Vista Verde Ranch","ranches","https://www.vistaverde.com/","https://www.vistaverde.com/contact-us/","Clark","CO","Mountain West","","Ranch Host","","970-879-3858","https://www.vistaverde.com/contact-us/","Remote all-inclusive ranch requires lodging, culinary, equine, outdoor-guide, and guest-experience staffing.","Summer and winter guest seasons","Unknown — confirm with host","63","medium","official_site_verified","Likely season is inferred from official ranch vacation programs; confirm exact operating and hiring dates with host.","2026-07-12"
"Western Pleasure Guest Ranch","ranches","https://westernpleasureranch.com/","https://westernpleasureranch.com/contact-us/","Sandpoint","ID","North Idaho","","","","208-263-9066","https://westernpleasureranch.com/contact-us/","Family guest ranch integrates lodging, meals, horse care, trail rides, camps, events, and winter recreation.","Year-round with summer and winter peaks","Unknown — confirm with host","62","medium","official_site_verified","Season inferred from official year-round ranch offerings; confirm exact host timing. Email was not copied because the searchable page masked it.","2026-07-12"
"Great Alaska Adventures","lodges","https://www.greatalaska.com/","https://www.greatalaska.com/contact","Sterling","AK","Kenai Peninsula","","","info@alaskanfishing.com","866-411-2327","https://www.greatalaska.com/contact","Fishing-lodge and adventure operations combine lodging, meals, guiding, fish handling, and rural guest logistics.","Late spring–early fall peak","Unknown — confirm with host","69","medium","official_site_verified","Season inferred from fishing-lodge operations; confirm exact host timing. The official page also displays a second general telephone number.","2026-07-12"
"Kahumana Organic Farms","farms","https://www.kahumana.org/","https://shop.kahumana.org/p-4-contact-us.html","Waianae","HI","Leeward Oahu","","","support@kahumana.org","808-380-2282","https://shop.kahumana.org/p-4-contact-us.html","Organic farm, food hub, market, and community programs offer agriculture, packing, distribution, food-service, and visitor-learning exposure.","Year-round agriculture","Unknown — confirm with host","72","medium","official_site_verified","Season inferred from tropical farming and ongoing CSA and market operations; confirm exact host timing.","2026-07-12"
"Lone Mountain Ranch","ranches","https://lonemountainranch.com/","https://lonemountainranch.com/horses-at-lone-mountain-ranch/","Big Sky","MT","Northern Rockies","","Reservations","Reservations@LoneMountainRanch.com","406-995-4644","https://lonemountainranch.com/horses-at-lone-mountain-ranch/","Guest ranch blends lodging, food service, horses, guided recreation, and winter Nordic operations.","Summer ranch and winter Nordic seasons","Unknown — confirm with host","82","medium","official_site_verified","Likely season is inferred from official summer riding and year-round resort programming; confirm hiring window with host.","2026-07-12"
"Madden's on Gull Lake","seasonal resorts","https://www.maddens.com/","https://www.maddens.com/map-directions/","Brainerd","MN","Upper Midwest","","","","218-829-2811","https://www.maddens.com/map-directions/","Large seasonal lake resort operates lodging, multiple restaurants, golf, marina recreation, events, and grounds.","Late spring through early fall","Unknown — confirm with host","74","medium","official_site_verified","Likely season is inferred from official seasonal recreation and resort programming; confirm hiring window with host.","2026-07-12"
"Migis Lodge on Sebago Lake","seasonal resorts","https://www.migis.com","https://www.migis.com/reservations/reservation-information-rates-policies/","South Casco","ME","New England","","","migis@migis.com","207-655-4524","https://www.migis.com/reservations/reservation-information-rates-policies/","Lakefront lodge with cottages, dining, recreation, and guest-service operations that can support varied host roles.","Late spring through early fall","Unknown — confirm with host","69","medium","official_site_verified","Likely season is an inference from the property's seasonal resort model; employment and dates must be confirmed directly.","2026-07-12"
"Mt. Hood Meadows","seasonal resorts","https://www.skihood.com/","https://www.skihood.com/explore/contact-us","Mount Hood","OR","Mount Hood","","","","503-337-2222","https://www.skihood.com/explore/contact-us","Ski and summer resort has guest services, rentals, lessons, patrol, retail, maintenance, transport, and recreation functions.","Winter peak with summer activities","Unknown — confirm with host","62","medium","official_site_verified","Season inferred from ski and summer-resort operations; confirm exact host timing and available departments.","2026-07-12"
"Purity Spring Resort","seasonal resorts","https://www.purityspring.com","https://www.purityspring.com/location/","Madison","NH","New England","","","info@purityspring.com","603-367-8896","https://www.purityspring.com/location/","Lake-and-mountain resort spans lodging, recreation, dining, and seasonal guest services across summer and winter peaks.","Summer and winter peak seasons","Unknown — confirm with host","81","medium","official_site_verified","Likely season is an inference from official summer and winter resort materials; confirm hiring windows directly.","2026-07-12"
"Semiahmoo Resort","lodges","https://semiahmoo.com/","https://semiahmoo.com/contact-us/","Blaine","WA","North Puget Sound","","","guestservices@semiahmoo.com","360-318-2000","https://semiahmoo.com/contact-us/","Large coastal resort has lodging, dining, golf, spa, recreation, events, and guest-service departments suitable for rotations.","Year-round with summer peak","Unknown — confirm with host","69","medium","official_site_verified","Season inferred from coastal resort demand patterns; confirm exact host timing. General guest-services email is displayed at https://semiahmoo.com/meetings-events/rfp-group/.","2026-07-12"
"Sun Mountain Lodge","lodges","https://sunmountainlodge.com/","https://sunmountainlodge.com/contact/","Winthrop","WA","Methow Valley","","","","509-996-2211","https://sunmountainlodge.com/contact/","Mountain lodge blends lodging, dining, outdoor activities, stables, lake recreation, and year-round guest operations.","Year-round with winter and summer peaks","Unknown — confirm with host","62","medium","official_site_verified","Season inferred from the lodge's year-round mountain and recreation model; confirm exact host need.","2026-07-12"
"Alaska Glacier Seafoods","fisheries","https://www.alaskaglacierseafoods.com/","https://www.alaskaglacierseafoods.com/contact-us/","Juneau","AK","Southeast Alaska","","","info@alaskaglacierseafoods.com","907-790-3590","https://www.alaskaglacierseafoods.com/contact-us/","Seafood processing and cold-chain work can support structured seasonal work-learning placements across production and logistics.","Summer seafood-harvest peak","Unknown — confirm with host","74","medium","official_site_verified","Season inferred from Alaska seafood harvest cycles; confirm exact host staffing period.","2026-07-12"
"Brasstown Valley Resort & Spa","seasonal resorts","https://brasstownvalley.com","https://brasstownvalley.com/venue/main-lobby/","Young Harris","GA","Southern Appalachians","","","","706-379-9900","https://brasstownvalley.com/sales-team/","Mountain resort with rooms, cottages, dining, spa, golf, stables, events, and grounds offers varied hospitality operations.","Year-round with summer, foliage, and holiday peaks","Unknown — confirm with host","67","medium","official_site_verified","Likely season is an inference from the multi-season resort model; official site verifies address and main phone.","2026-07-12"
"Camp Perkins","camps","https://www.campperkins.org/","https://www.campperkins.org/contact.html","Stanley","ID","Sawtooth Valley","","","","208-788-0897","https://www.campperkins.org/contact.html","Remote residential camp can support youth programs, waterfront and outdoor activities, food service, facilities, and logistics.","Summer camp peak","Unknown — confirm with host","74","medium","official_site_verified","Season inferred from the official page's summer-site address and residential camp model; confirm exact program dates. Email was not copied because the page masked it in search output.","2026-07-12"
"Coon's Franklin Lodge","seasonal resorts","https://coonsfranklinlodge.com/","https://coonsfranklinlodge.com/contact/","Arbor Vitae","WI","Upper Midwest","","","","715-385-2700","https://coonsfranklinlodge.com/contact/","Remote Northwoods family lodge concentrates lodging, meals, waterfront recreation, youth activities, and grounds work.","Summer","Unknown — confirm with host","62","medium","official_site_verified","Likely season is inferred from the lodge's traditional summer family-resort model; confirm current operating and hiring dates.","2026-07-12"
"Lakedale","camps","https://www.lakedale.com/","https://www.lakedale.com/lakedale-faq/","Friday Harbor","WA","San Juan Islands","","","","800-617-2267","https://www.lakedale.com/lakedale-faq/","Island property spans lodge rooms, cabins, yurts, camping, RV sites, and outdoor activities across several service modes.","April–October outdoor-lodging peak","Unknown — confirm with host","74","medium","official_site_verified","OFFICIAL_TIMING_EVIDENCE. Season is based on the official FAQ stating the glamp-ground operates April through October; other lodging is year-round.","2026-07-12"
"von Trapp Family Lodge & Resort","seasonal resorts","https://www.vontrappresort.com","https://www.vontrappresort.com/contact-us.htm","Stowe","VT","New England","","","","800-826-7000","https://www.vontrappresort.com/contact-us.htm","Large mountain lodge with lodging, food and beverage, trails, tours, and property operations suited to experiential work.","Summer, foliage, and winter peaks","Unknown — confirm with host","62","medium","official_site_verified","Likely season is an inference from Stowe's multi-season resort demand; no employee-housing statement was found on the cited page.","2026-07-12"
"WildSpring Guest Habitat","lodges","https://www.wildspring.com/","https://www.wildspring.com/contact.htm","Port Orford","OR","Southern Oregon Coast","","","stay@wildspring.com","541-332-0977","https://www.wildspring.com/contact.htm","Small eco-lodge offers hands-on exposure to lodging, grounds, guest care, sustainability, and rural coastal operations.","Year-round","Unknown — confirm with host","81","medium","official_site_verified","OFFICIAL_TIMING_EVIDENCE. Season is supported by the official contact page stating the property is open seven days a week throughout the year; confirm host needs.","2026-07-12"
"Triangle X Ranch","ranches","https://trianglex.com/","https://trianglex.com/press/","Moose","WY","Northern Rockies","","","","307-733-2183","https://trianglex.com/press/","Remote Grand Teton guest ranch combines lodging, horses, pack trips, float trips, food service, and winter stays.","Summer peak with limited winter operations","Unknown — confirm with host","62","medium","official_site_verified","Likely season is inferred from official ranch programs; public WYOGA membership page corroborates identity and contact: https://wyoga.org/wyoga-outfitter-members/listing/triangle-x-ranch/.","2026-07-12"
